{"type":"FeatureCollection", "features": [
{"type":"Feature","geometry":{"type":"Point","coordinates":[-74.03162,40.7192]},"properties":{"ZCTA5CE20":7311,"lon":-74.031624,"lat":40.719204,"bw":-74.0367,"bs":40.7166,"be":-74.023,"bn":40.7214}},
{"type":"Feature","geometry":{"type":"Point","coordinates":[-112.29649,33.43193]},"properties":{"ZCTA5CE20":85329,"lon":-112.296494,"lat":33.431932,"bw":-112.3024,"bs":33.4282,"be":-112.2897,"bn":33.4355}},
{"type":"Feature","geometry":{"type":"Point","coordinates":[-79.52022,40.78773]},"properties":{"ZCTA5CE20":16238,"lon":-79.520223,"lat":40.787733,"bw":-79.5249,"bs":40.7818,"be":-79.5173,"bn":40.7936}},
{"type":"Feature","geometry":{"type":"Point","coordinates":[-84.65833,42.06]},"properties":{"ZCTA5CE20":49258,"lon":-84.65833,"lat":42.060002,"bw":-84.6606,"bs":42.0595,"be":-84.6563,"bn":42.0605}},
{"type":"Feature","geometry":{"type":"Point","coordinates":[-95.93977,41.25709]},"properties":{"ZCTA5CE20":68183,"lon":-95.93977,"lat":41.257094,"bw":-95.9411,"bs":41.2566,"be":-95.9385,"bn":41.2576}},
{"type":"Feature","geometry":{"type":"Point","coordinates":[-122.51771,38.34785]},"properties":{"ZCTA5CE20":95431,"lon":-122.517714,"lat":38.347853,"bw":-122.5211,"bs":38.3445,"be":-122.51,"bn":38.3524}},
{"type":"Feature","geometry":{"type":"Point","coordinates":[-69.63036,43.80848]},"properties":{"ZCTA5CE20":4570,"lon":-69.63036,"lat":43.808484,"bw":-69.6357,"bs":43.8035,"be":-69.6265,"bn":43.8141}},
{"type":"Feature","geometry":{"type":"Point","coordinates":[-82.21564,29.42692]},"properties":{"ZCTA5CE20":32681,"lon":-82.215645,"lat":29.426918,"bw":-82.2225,"bs":29.4249,"be":-82.2091,"bn":29.4291}},
{"type":"Feature","geometry":{"type":"Point","coordinates":[-79.93839,32.78479]},"properties":{"ZCTA5CE20":29424,"lon":-79.93839,"lat":32.784785,"bw":-79.9398,"bs":32.7816,"be":-79.9353,"bn":32.7875}},
{"type":"Feature","geometry":{"type":"Point","coordinates":[-93.12568,33.83406]},"properties":{"ZCTA5CE20":71772,"lon":-93.125685,"lat":33.834059,"bw":-93.1302,"bs":33.8291,"be":-93.1219,"bn":33.8383}},
{"type":"Feature","geometry":{"type":"Point","coordinates":[-81.46353,40.93251]},"properties":{"ZCTA5CE20":44232,"lon":-81.463528,"lat":40.932507,"bw":-81.4651,"bs":40.9315,"be":-81.4619,"bn":40.9335}},
{"type":"Feature","geometry":{"type":"Point","coordinates":[-81.98789,33.47021]},"properties":{"ZCTA5CE20":30912,"lon":-81.987889,"lat":33.470207,"bw":-81.9918,"bs":33.468,"be":-81.9842,"bn":33.4726}},
{"type":"Feature","geometry":{"type":"Point","coordinates":[-81.76548,38.38237]},"properties":{"ZCTA5CE20":25112,"lon":-81.765476,"lat":38.38237,"bw":-81.7694,"bs":38.3779,"be":-81.7631,"bn":38.3838}},
{"type":"Feature","geometry":{"type":"Point","coordinates":[-79.77148,36.077]},"properties":{"ZCTA5CE20":27411,"lon":-79.771476,"lat":36.076996,"bw":-79.774,"bs":36.0719,"be":-79.7681,"bn":36.0811}},
{"type":"Feature","geometry":{"type":"Point","coordinates":[-92.41304,39.34248]},"properties":{"ZCTA5CE20":65278,"lon":-92.413042,"lat":39.342477,"bw":-92.4168,"bs":39.339,"be":-92.4076,"bn":39.3449}},
{"type":"Feature","geometry":{"type":"Point","coordinates":[-91.24526,42.00617]},"properties":{"ZCTA5CE20":52312,"lon":-91.245264,"lat":42.006172,"bw":-91.2485,"bs":42.0044,"be":-91.242,"bn":42.0079}},
{"type":"Feature","geometry":{"type":"Point","coordinates":[-96.01071,41.25775]},"properties":{"ZCTA5CE20":68182,"lon":-96.010713,"lat":41.257748,"bw":-96.0165,"bs":41.2553,"be":-96.0049,"bn":41.2596}},
{"type":"Feature","geometry":{"type":"Point","coordinates":[-77.04776,38.8928]},"properties":{"ZCTA5CE20":20418,"lon":-77.047763,"lat":38.8928,"bw":-77.0489,"bs":38.8921,"be":-77.0467,"bn":38.8935}},
{"type":"Feature","geometry":{"type":"Point","coordinates":[-86.91499,33.64188]},"properties":{"ZCTA5CE20":35036,"lon":-86.914992,"lat":33.641883,"bw":-86.9213,"bs":33.6374,"be":-86.9124,"bn":33.6445}},
{"type":"Feature","geometry":{"type":"Point","coordinates":[-79.81075,36.06945]},"properties":{"ZCTA5CE20":27412,"lon":-79.81075,"lat":36.069454,"bw":-79.8153,"bs":36.0639,"be":-79.8052,"bn":36.0739}},
{"type":"Feature","geometry":{"type":"Point","coordinates":[-77.12375,40.89119]},"properties":{"ZCTA5CE20":17880,"lon":-77.123751,"lat":40.891188,"bw":-77.1266,"bs":40.8885,"be":-77.1216,"bn":40.8932}},
{"type":"Feature","geometry":{"type":"Point","coordinates":[-76.3042,40.11266]},"properties":{"ZCTA5CE20":17606,"lon":-76.304201,"lat":40.112656,"bw":-76.3056,"bs":40.1094,"be":-76.3019,"bn":40.1138}},
{"type":"Feature","geometry":{"type":"Point","coordinates":[-77.03908,37.36959]},"properties":{"ZCTA5CE20":23147,"lon":-77.039076,"lat":37.369586,"bw":-77.0429,"bs":37.3675,"be":-77.0357,"bn":37.3721}},
{"type":"Feature","geometry":{"type":"Point","coordinates":[-80.08495,42.13378]},"properties":{"ZCTA5CE20":16550,"lon":-80.084945,"lat":42.133777,"bw":-80.0864,"bs":42.1328,"be":-80.0835,"bn":42.1347}},
{"type":"Feature","geometry":{"type":"Point","coordinates":[-84.10847,38.14499]},"properties":{"ZCTA5CE20":40357,"lon":-84.108469,"lat":38.144985,"bw":-84.1113,"bs":38.1438,"be":-84.1043,"bn":38.1465}},
{"type":"Feature","geometry":{"type":"Point","coordinates":[-104.98973,39.74609]},"properties":{"ZCTA5CE20":80293,"lon":-104.989733,"lat":39.746089,"bw":-104.9905,"bs":39.7454,"be":-104.9889,"bn":39.7467}},
{"type":"Feature","geometry":{"type":"Point","coordinates":[-81.40408,40.92695]},"properties":{"ZCTA5CE20":44630,"lon":-81.404077,"lat":40.926946,"bw":-81.4053,"bs":40.9263,"be":-81.4027,"bn":40.9277}},
{"type":"Feature","geometry":{"type":"Point","coordinates":[-100.46624,31.44135]},"properties":{"ZCTA5CE20":76909,"lon":-100.466242,"lat":31.441351,"bw":-100.4697,"bs":31.4387,"be":-100.4631,"bn":31.4437}},
{"type":"Feature","geometry":{"type":"Point","coordinates":[-83.89503,33.57354]},"properties":{"ZCTA5CE20":30070,"lon":-83.895034,"lat":33.573536,"bw":-83.898,"bs":33.5715,"be":-83.8933,"bn":33.575}},
{"type":"Feature","geometry":{"type":"Point","coordinates":[-79.68534,40.29524]},"properties":{"ZCTA5CE20":15691,"lon":-79.685339,"lat":40.295244,"bw":-79.6882,"bs":40.2935,"be":-79.6799,"bn":40.3004}},
{"type":"Feature","geometry":{"type":"Point","coordinates":[-83.80745,39.92634]},"properties":{"ZCTA5CE20":45501,"lon":-83.807455,"lat":39.926339,"bw":-83.8083,"bs":39.9256,"be":-83.8065,"bn":39.927}},
{"type":"Feature","geometry":{"type":"Point","coordinates":[-81.61316,38.33688]},"properties":{"ZCTA5CE20":25305,"lon":-81.613156,"lat":38.336877,"bw":-81.6163,"bs":38.3353,"be":-81.6102,"bn":38.339}},
{"type":"Feature","geometry":{"type":"Point","coordinates":[-84.40429,33.77757]},"properties":{"ZCTA5CE20":30332,"lon":-84.404292,"lat":33.777569,"bw":-84.4075,"bs":33.7738,"be":-84.4013,"bn":33.7806}},
{"type":"Feature","geometry":{"type":"Point","coordinates":[-95.88103,36.4489]},"properties":{"ZCTA5CE20":74082,"lon":-95.881028,"lat":36.448896,"bw":-95.8842,"bs":36.4455,"be":-95.876,"bn":36.4527}},
{"type":"Feature","geometry":{"type":"Point","coordinates":[-87.91446,30.46977]},"properties":{"ZCTA5CE20":36564,"lon":-87.91446,"lat":30.469774,"bw":-87.9179,"bs":30.4671,"be":-87.9113,"bn":30.4723}},
{"type":"Feature","geometry":{"type":"Point","coordinates":[-73.58326,40.71996]},"properties":{"ZCTA5CE20":11556,"lon":-73.583263,"lat":40.71996,"bw":-73.5877,"bs":40.7183,"be":-73.5803,"bn":40.7222}},
{"type":"Feature","geometry":{"type":"Point","coordinates":[-86.80304,36.14112]},"properties":{"ZCTA5CE20":37232,"lon":-86.803045,"lat":36.14112,"bw":-86.8052,"bs":36.1387,"be":-86.8,"bn":36.1432}},
{"type":"Feature","geometry":{"type":"Point","coordinates":[-123.42942,43.10549]},"properties":{"ZCTA5CE20":97432,"lon":-123.429425,"lat":43.105492,"bw":-123.4318,"bs":43.1001,"be":-123.4246,"bn":43.1069}},
{"type":"Feature","geometry":{"type":"Point","coordinates":[-88.26815,44.79693]},"properties":{"ZCTA5CE20":54127,"lon":-88.268155,"lat":44.796934,"bw":-88.2737,"bs":44.7944,"be":-88.2626,"bn":44.7994}},
{"type":"Feature","geometry":{"type":"Point","coordinates":[-87.5501,33.90134]},"properties":{"ZCTA5CE20":35573,"lon":-87.550096,"lat":33.901339,"bw":-87.5519,"bs":33.9007,"be":-87.5485,"bn":33.9019}},
{"type":"Feature","geometry":{"type":"Point","coordinates":[-79.94809,32.78565]},"properties":{"ZCTA5CE20":29425,"lon":-79.948087,"lat":32.785654,"bw":-79.9517,"bs":32.7827,"be":-79.9456,"bn":32.7872}},
{"type":"Feature","geometry":{"type":"Point","coordinates":[-78.29694,40.63534]},"properties":{"ZCTA5CE20":16684,"lon":-78.29694,"lat":40.63534,"bw":-78.2994,"bs":40.6327,"be":-78.2945,"bn":40.638}},
{"type":"Feature","geometry":{"type":"Point","coordinates":[-76.32929,40.02469]},"properties":{"ZCTA5CE20":17504,"lon":-76.329294,"lat":40.024689,"bw":-76.3308,"bs":40.0233,"be":-76.3263,"bn":40.0257}},
{"type":"Feature","geometry":{"type":"Point","coordinates":[-117.59663,47.56141]},"properties":{"ZCTA5CE20":99014,"lon":-117.596629,"lat":47.561409,"bw":-117.6015,"bs":47.5563,"be":-117.5936,"bn":47.5655}},
{"type":"Feature","geometry":{"type":"Point","coordinates":[-94.89832,42.65796]},"properties":{"ZCTA5CE20":50593,"lon":-94.898323,"lat":42.657961,"bw":-94.902,"bs":42.6543,"be":-94.8946,"bn":42.6616}},
{"type":"Feature","geometry":{"type":"Point","coordinates":[-122.86578,46.07228]},"properties":{"ZCTA5CE20":98609,"lon":-122.865776,"lat":46.072276,"bw":-122.868,"bs":46.0652,"be":-122.8619,"bn":46.0769}},
{"type":"Feature","geometry":{"type":"Point","coordinates":[-120.74278,38.54558]},"properties":{"ZCTA5CE20":95675,"lon":-120.742776,"lat":38.545578,"bw":-120.748,"bs":38.5409,"be":-120.7371,"bn":38.5485}},
{"type":"Feature","geometry":{"type":"Point","coordinates":[-86.25165,41.70251]},"properties":{"ZCTA5CE20":46624,"lon":-86.25165,"lat":41.702511,"bw":-86.2524,"bs":41.7014,"be":-86.2509,"bn":41.7036}},
{"type":"Feature","geometry":{"type":"Point","coordinates":[-82.34337,29.64079]},"properties":{"ZCTA5CE20":32610,"lon":-82.343367,"lat":29.640792,"bw":-82.3462,"bs":29.6383,"be":-82.3394,"bn":29.6437}},
{"type":"Feature","geometry":{"type":"Point","coordinates":[-80.20542,41.44249]},"properties":{"ZCTA5CE20":16151,"lon":-80.205423,"lat":41.442485,"bw":-80.2088,"bs":41.4405,"be":-80.202,"bn":41.4456}},
{"type":"Feature","geometry":{"type":"Point","coordinates":[-122.17826,40.08286]},"properties":{"ZCTA5CE20":96078,"lon":-122.17826,"lat":40.082855,"bw":-122.1831,"bs":40.0805,"be":-122.1705,"bn":40.0845}},
{"type":"Feature","geometry":{"type":"Point","coordinates":[-121.93707,37.3489]},"properties":{"ZCTA5CE20":95053,"lon":-121.937067,"lat":37.348898,"bw":-121.9433,"bs":37.3453,"be":-121.9325,"bn":37.352}},
{"type":"Feature","geometry":{"type":"Point","coordinates":[-76.53622,40.40262]},"properties":{"ZCTA5CE20":17077,"lon":-76.536224,"lat":40.402622,"bw":-76.5394,"bs":40.4007,"be":-76.5338,"bn":40.4049}},
{"type":"Feature","geometry":{"type":"Point","coordinates":[-76.19701,40.03755]},"properties":{"ZCTA5CE20":17576,"lon":-76.197007,"lat":40.037552,"bw":-76.2006,"bs":40.0311,"be":-76.1934,"bn":40.0393}},
{"type":"Feature","geometry":{"type":"Point","coordinates":[-84.54812,33.95309]},"properties":{"ZCTA5CE20":30090,"lon":-84.548123,"lat":33.953092,"bw":-84.549,"bs":33.9518,"be":-84.547,"bn":33.9546}},
{"type":"Feature","geometry":{"type":"Point","coordinates":[-74.00683,40.71388]},"properties":{"ZCTA5CE20":10007,"lon":-74.006833,"lat":40.713877,"bw":-74.0137,"bs":40.7098,"be":-74.0007,"bn":40.7171}},
{"type":"Feature","geometry":{"type":"Point","coordinates":[-95.93818,39.86602]},"properties":{"ZCTA5CE20":66522,"lon":-95.938181,"lat":39.866024,"bw":-95.9423,"bs":39.8632,"be":-95.9346,"bn":39.8705}},
{"type":"Feature","geometry":{"type":"Point","coordinates":[-77.0458,38.8928]},"properties":{"ZCTA5CE20":20551,"lon":-77.045801,"lat":38.892803,"bw":-77.0467,"bs":38.8921,"be":-77.0449,"bn":38.8935}},
{"type":"Feature","geometry":{"type":"Point","coordinates":[-86.29763,32.38177]},"properties":{"ZCTA5CE20":36101,"lon":-86.297632,"lat":32.381773,"bw":-86.2984,"bs":32.3813,"be":-86.2968,"bn":32.3823}},
{"type":"Feature","geometry":{"type":"Point","coordinates":[-90.7348,33.74424]},"properties":{"ZCTA5CE20":38733,"lon":-90.734803,"lat":33.744241,"bw":-90.738,"bs":33.7423,"be":-90.7334,"bn":33.7475}},
{"type":"Feature","geometry":{"type":"Point","coordinates":[-82.61272,28.78148]},"properties":{"ZCTA5CE20":34487,"lon":-82.612718,"lat":28.78148,"bw":-82.6133,"bs":28.7807,"be":-82.6121,"bn":28.7823}},
{"type":"Feature","geometry":{"type":"Point","coordinates":[-81.30441,29.0346]},"properties":{"ZCTA5CE20":32723,"lon":-81.304406,"lat":29.0346,"bw":-81.3056,"bs":29.0335,"be":-81.3036,"bn":29.0354}},
{"type":"Feature","geometry":{"type":"Point","coordinates":[-89.12127,36.10293]},"properties":{"ZCTA5CE20":38389,"lon":-89.121272,"lat":36.102928,"bw":-89.1253,"bs":36.0998,"be":-89.1184,"bn":36.1072}},
{"type":"Feature","geometry":{"type":"Point","coordinates":[-84.75799,37.45624]},"properties":{"ZCTA5CE20":40448,"lon":-84.757986,"lat":37.456236,"bw":-84.7609,"bs":37.4524,"be":-84.7548,"bn":37.4596}},
{"type":"Feature","geometry":{"type":"Point","coordinates":[-74.65787,40.34641]},"properties":{"ZCTA5CE20":8544,"lon":-74.657866,"lat":40.346412,"bw":-74.6631,"bs":40.3425,"be":-74.6522,"bn":40.3504}},
{"type":"Feature","geometry":{"type":"Point","coordinates":[-111.71949,33.32292]},"properties":{"ZCTA5CE20":85236,"lon":-111.719489,"lat":33.322918,"bw":-111.7212,"bs":33.3214,"be":-111.7169,"bn":33.325}},
{"type":"Feature","geometry":{"type":"Point","coordinates":[-80.64965,41.10714]},"properties":{"ZCTA5CE20":44555,"lon":-80.649652,"lat":41.107141,"bw":-80.6523,"bs":41.1038,"be":-80.6448,"bn":41.111}},
{"type":"Feature","geometry":{"type":"Point","coordinates":[-70.1936,44.61626]},"properties":{"ZCTA5CE20":4234,"lon":-70.193601,"lat":44.61626,"bw":-70.1952,"bs":44.6159,"be":-70.1927,"bn":44.6167}},
{"type":"Feature","geometry":{"type":"Point","coordinates":[-79.50618,36.18569]},"properties":{"ZCTA5CE20":27202,"lon":-79.506183,"lat":36.185688,"bw":-79.5074,"bs":36.1843,"be":-79.5042,"bn":36.1865}},
{"type":"Feature","geometry":{"type":"Point","coordinates":[-76.576,42.93412]},"properties":{"ZCTA5CE20":13024,"lon":-76.575996,"lat":42.93412,"bw":-76.578,"bs":42.9327,"be":-76.5703,"bn":42.936}},
{"type":"Feature","geometry":{"type":"Point","coordinates":[-87.8663,38.35005]},"properties":{"ZCTA5CE20":62852,"lon":-87.8663,"lat":38.350053,"bw":-87.8729,"bs":38.3464,"be":-87.8638,"bn":38.3541}},
{"type":"Feature","geometry":{"type":"Point","coordinates":[-88.14992,41.11102]},"properties":{"ZCTA5CE20":60969,"lon":-88.14992,"lat":41.111016,"bw":-88.1537,"bs":41.1066,"be":-88.144,"bn":41.116}},
{"type":"Feature","geometry":{"type":"Point","coordinates":[-83.91597,35.96241]},"properties":{"ZCTA5CE20":37929,"lon":-83.915966,"lat":35.962409,"bw":-83.9168,"bs":35.9618,"be":-83.9152,"bn":35.963}},
{"type":"Feature","geometry":{"type":"Point","coordinates":[-80.01931,40.45734]},"properties":{"ZCTA5CE20":15290,"lon":-80.01931,"lat":40.457339,"bw":-80.0213,"bs":40.4552,"be":-80.0175,"bn":40.4593}},
{"type":"Feature","geometry":{"type":"Point","coordinates":[-84.29515,30.44208]},"properties":{"ZCTA5CE20":32306,"lon":-84.295153,"lat":30.442078,"bw":-84.2981,"bs":30.4396,"be":-84.2908,"bn":30.4458}},
{"type":"Feature","geometry":{"type":"Point","coordinates":[-111.97356,33.44891]},"properties":{"ZCTA5CE20":85026,"lon":-111.973557,"lat":33.448911,"bw":-111.9784,"bs":33.4463,"be":-111.969,"bn":33.4511}},
{"type":"Feature","geometry":{"type":"Point","coordinates":[-93.01215,36.31541]},"properties":{"ZCTA5CE20":72615,"lon":-93.012146,"lat":36.315412,"bw":-93.0151,"bs":36.3126,"be":-93.0079,"bn":36.3178}},
{"type":"Feature","geometry":{"type":"Point","coordinates":[-85.75305,38.18656]},"properties":{"ZCTA5CE20":40221,"lon":-85.753054,"lat":38.186558,"bw":-85.7567,"bs":38.1815,"be":-85.7502,"bn":38.1901}},
{"type":"Feature","geometry":{"type":"Point","coordinates":[-82.17236,27.90773]},"properties":{"ZCTA5CE20":33530,"lon":-82.172356,"lat":27.907727,"bw":-82.1758,"bs":27.9053,"be":-82.1704,"bn":27.9109}},
{"type":"Feature","geometry":{"type":"Point","coordinates":[-117.23159,32.8742]},"properties":{"ZCTA5CE20":92161,"lon":-117.231593,"lat":32.874202,"bw":-117.2343,"bs":32.8717,"be":-117.229,"bn":32.8769}},
{"type":"Feature","geometry":{"type":"Point","coordinates":[-110.94957,32.23107]},"properties":{"ZCTA5CE20":85721,"lon":-110.949571,"lat":32.231073,"bw":-110.951,"bs":32.2304,"be":-110.9481,"bn":32.2317}},
{"type":"Feature","geometry":{"type":"Point","coordinates":[-118.57605,34.18505]},"properties":{"ZCTA5CE20":91371,"lon":-118.576052,"lat":34.185048,"bw":-118.5812,"bs":34.1823,"be":-118.5709,"bn":34.1884}},
{"type":"Feature","geometry":{"type":"Point","coordinates":[-112.81245,43.44309]},"properties":{"ZCTA5CE20":83215,"lon":-112.812448,"lat":43.443087,"bw":-112.8162,"bs":43.4402,"be":-112.8076,"bn":43.4463}},
{"type":"Feature","geometry":{"type":"Point","coordinates":[-69.55435,44.25953]},"properties":{"ZCTA5CE20":4341,"lon":-69.554351,"lat":44.25953,"bw":-69.5596,"bs":44.2582,"be":-69.5508,"bn":44.2631}},
{"type":"Feature","geometry":{"type":"Point","coordinates":[-135.48432,58.48821]},"properties":{"ZCTA5CE20":99850,"lon":-135.484322,"lat":58.488207,"bw":-135.489,"bs":58.4836,"be":-135.4806,"bn":58.4918}},
{"type":"Feature","geometry":{"type":"Point","coordinates":[-85.14856,38.97015]},"properties":{"ZCTA5CE20":47021,"lon":-85.148561,"lat":38.970146,"bw":-85.1492,"bs":38.9696,"be":-85.1479,"bn":38.9707}},
{"type":"Feature","geometry":{"type":"Point","coordinates":[-97.73486,31.47542]},"properties":{"ZCTA5CE20":76598,"lon":-97.73486,"lat":31.475424,"bw":-97.7366,"bs":31.4739,"be":-97.7335,"bn":31.4772}},
{"type":"Feature","geometry":{"type":"Point","coordinates":[-85.19741,41.58274]},"properties":{"ZCTA5CE20":46789,"lon":-85.197415,"lat":41.582735,"bw":-85.2006,"bs":41.5799,"be":-85.1943,"bn":41.5856}},
{"type":"Feature","geometry":{"type":"Point","coordinates":[-86.14934,40.29021]},"properties":{"ZCTA5CE20":46045,"lon":-86.149345,"lat":40.290213,"bw":-86.1521,"bs":40.2857,"be":-86.1436,"bn":40.2927}},
{"type":"Feature","geometry":{"type":"Point","coordinates":[-80.84528,35.22481]},"properties":{"ZCTA5CE20":28282,"lon":-80.845285,"lat":35.224812,"bw":-80.8464,"bs":35.224,"be":-80.8442,"bn":35.2257}},
{"type":"Feature","geometry":{"type":"Point","coordinates":[-90.11333,30.52752]},"properties":{"ZCTA5CE20":70457,"lon":-90.113329,"lat":30.527521,"bw":-90.1153,"bs":30.5258,"be":-90.111,"bn":30.5289}},
{"type":"Feature","geometry":{"type":"Point","coordinates":[-74.94699,40.73916]},"properties":{"ZCTA5CE20":7831,"lon":-74.946989,"lat":40.739156,"bw":-74.9506,"bs":40.7347,"be":-74.9417,"bn":40.7453}},
{"type":"Feature","geometry":{"type":"Point","coordinates":[-81.26746,34.14046]},"properties":{"ZCTA5CE20":29177,"lon":-81.267464,"lat":34.14046,"bw":-81.2723,"bs":34.1368,"be":-81.2617,"bn":34.1434}},
{"type":"Feature","geometry":{"type":"Point","coordinates":[-92.19304,34.60002]},"properties":{"ZCTA5CE20":72183,"lon":-92.193045,"lat":34.600017,"bw":-92.1963,"bs":34.5949,"be":-92.1901,"bn":34.6059}},
{"type":"Feature","geometry":{"type":"Point","coordinates":[-80.59179,37.13946]},"properties":{"ZCTA5CE20":24129,"lon":-80.59179,"lat":37.13946,"bw":-80.5944,"bs":37.1372,"be":-80.5898,"bn":37.1414}},
{"type":"Feature","geometry":{"type":"Point","coordinates":[-77.10372,39.0007]},"properties":{"ZCTA5CE20":20892,"lon":-77.103723,"lat":39.000695,"bw":-77.1069,"bs":38.9976,"be":-77.1004,"bn":39.0034}},
{"type":"Feature","geometry":{"type":"Point","coordinates":[-85.49574,41.33661]},"properties":{"ZCTA5CE20":46796,"lon":-85.495745,"lat":41.336613,"bw":-85.4984,"bs":41.335,"be":-85.494,"bn":41.3383}},
{"type":"Feature","geometry":{"type":"Point","coordinates":[-87.71595,40.9681]},"properties":{"ZCTA5CE20":60956,"lon":-87.715947,"lat":40.968096,"bw":-87.7203,"bs":40.9629,"be":-87.7122,"bn":40.9732}},
{"type":"Feature","geometry":{"type":"Point","coordinates":[-149.98366,61.1846]},"properties":{"ZCTA5CE20":99530,"lon":-149.98366,"lat":61.184604,"bw":-149.9892,"bs":61.1817,"be":-149.9774,"bn":61.1872}},
{"type":"Feature","geometry":{"type":"Point","coordinates":[-79.96072,32.79662]},"properties":{"ZCTA5CE20":29409,"lon":-79.960716,"lat":32.796618,"bw":-79.9645,"bs":32.793,"be":-79.9559,"bn":32.8007}},
{"type":"Feature","geometry":{"type":"Point","coordinates":[-94.14003,42.03881]},"properties":{"ZCTA5CE20":50031,"lon":-94.14003,"lat":42.038807,"bw":-94.1449,"bs":42.0356,"be":-94.1351,"bn":42.0419}},
{"type":"Feature","geometry":{"type":"Point","coordinates":[-83.63792,40.20807]},"properties":{"ZCTA5CE20":43047,"lon":-83.637924,"lat":40.208065,"bw":-83.639,"bs":40.207,"be":-83.6369,"bn":40.2089}},
{"type":"Feature","geometry":{"type":"Point","coordinates":[-74.71879,39.57702]},"properties":{"ZCTA5CE20":8217,"lon":-74.718791,"lat":39.577018,"bw":-74.7208,"bs":39.5755,"be":-74.7166,"bn":39.5786}},
{"type":"Feature","geometry":{"type":"Point","coordinates":[-74.31952,41.18194]},"properties":{"ZCTA5CE20":10979,"lon":-74.319524,"lat":41.181943,"bw":-74.3218,"bs":41.1806,"be":-74.3166,"bn":41.1844}},
{"type":"Feature","geometry":{"type":"Point","coordinates":[-83.99924,38.87808]},"properties":{"ZCTA5CE20":45119,"lon":-83.999242,"lat":38.878082,"bw":-84.0012,"bs":38.8772,"be":-83.9975,"bn":38.8789}},
{"type":"Feature","geometry":{"type":"Point","coordinates":[-74.00867,40.71263]},"properties":{"ZCTA5CE20":10279,"lon":-74.008673,"lat":40.712631,"bw":-74.0097,"bs":40.712,"be":-74.0077,"bn":40.7133}},
{"type":"Feature","geometry":{"type":"Point","coordinates":[-83.94266,41.15716]},"properties":{"ZCTA5CE20":45815,"lon":-83.942664,"lat":41.157162,"bw":-83.947,"bs":41.153,"be":-83.9372,"bn":41.1604}},
{"type":"Feature","geometry":{"type":"Point","coordinates":[-86.80316,33.50658]},"properties":{"ZCTA5CE20":35249,"lon":-86.803159,"lat":33.506575,"bw":-86.8043,"bs":33.5057,"be":-86.8021,"bn":33.5075}},
{"type":"Feature","geometry":{"type":"Point","coordinates":[-88.96379,41.93088]},"properties":{"ZCTA5CE20":60113,"lon":-88.963792,"lat":41.930878,"bw":-88.9684,"bs":41.9288,"be":-88.9611,"bn":41.9351}},
{"type":"Feature","geometry":{"type":"Point","coordinates":[-90.20545,38.62788]},"properties":{"ZCTA5CE20":63155,"lon":-90.205446,"lat":38.627882,"bw":-90.207,"bs":38.6265,"be":-90.2038,"bn":38.6293}},
{"type":"Feature","geometry":{"type":"Point","coordinates":[-78.02864,40.49205]},"properties":{"ZCTA5CE20":16654,"lon":-78.028643,"lat":40.492053,"bw":-78.031,"bs":40.4898,"be":-78.0262,"bn":40.4947}},
{"type":"Feature","geometry":{"type":"Point","coordinates":[-103.64934,30.36316]},"properties":{"ZCTA5CE20":79832,"lon":-103.649338,"lat":30.36316,"bw":-103.6541,"bs":30.3602,"be":-103.6439,"bn":30.366}},
{"type":"Feature","geometry":{"type":"Point","coordinates":[-89.14479,44.33693]},"properties":{"ZCTA5CE20":54946,"lon":-89.144794,"lat":44.33693,"bw":-89.1482,"bs":44.3346,"be":-89.1423,"bn":44.3406}},
{"type":"Feature","geometry":{"type":"Point","coordinates":[-86.42493,41.14153]},"properties":{"ZCTA5CE20":46922,"lon":-86.424934,"lat":41.141525,"bw":-86.4288,"bs":41.137,"be":-86.4152,"bn":41.1423}},
{"type":"Feature","geometry":{"type":"Point","coordinates":[-94.44297,37.9965]},"properties":{"ZCTA5CE20":64765,"lon":-94.44297,"lat":37.996497,"bw":-94.4477,"bs":37.9945,"be":-94.4383,"bn":37.9984}},
{"type":"Feature","geometry":{"type":"Point","coordinates":[-91.59942,45.59383]},"properties":{"ZCTA5CE20":54857,"lon":-91.599425,"lat":45.593833,"bw":-91.6057,"bs":45.591,"be":-91.5945,"bn":45.5952}},
{"type":"Feature","geometry":{"type":"Point","coordinates":[-84.75795,34.8253]},"properties":{"ZCTA5CE20":30724,"lon":-84.75795,"lat":34.825298,"bw":-84.761,"bs":34.8224,"be":-84.7548,"bn":34.8269}},
{"type":"Feature","geometry":{"type":"Point","coordinates":[-73.97588,40.75262]},"properties":{"ZCTA5CE20":10170,"lon":-73.975879,"lat":40.752624,"bw":-73.9771,"bs":40.7514,"be":-73.9746,"bn":40.7538}},
{"type":"Feature","geometry":{"type":"Point","coordinates":[-79.19514,35.39053]},"properties":{"ZCTA5CE20":28355,"lon":-79.195142,"lat":35.390528,"bw":-79.1961,"bs":35.3893,"be":-79.1943,"bn":35.3918}},
{"type":"Feature","geometry":{"type":"Point","coordinates":[-93.19825,31.87469]},"properties":{"ZCTA5CE20":71066,"lon":-93.198248,"lat":31.874694,"bw":-93.2017,"bs":31.8723,"be":-93.1957,"bn":31.8771}},
{"type":"Feature","geometry":{"type":"Point","coordinates":[-87.29925,30.399]},"properties":{"ZCTA5CE20":32512,"lon":-87.299247,"lat":30.398998,"bw":-87.3012,"bs":30.3968,"be":-87.2973,"bn":30.4011}},
{"type":"Feature","geometry":{"type":"Point","coordinates":[-117.26141,34.0531]},"properties":{"ZCTA5CE20":92350,"lon":-117.261413,"lat":34.053103,"bw":-117.2657,"bs":34.0517,"be":-117.2575,"bn":34.0544}},
{"type":"Feature","geometry":{"type":"Point","coordinates":[-120.43299,37.87158]},"properties":{"ZCTA5CE20":95309,"lon":-120.432993,"lat":37.871575,"bw":-120.4355,"bs":37.8702,"be":-120.4311,"bn":37.8735}},
{"type":"Feature","geometry":{"type":"Point","coordinates":[-80.33112,41.1177]},"properties":{"ZCTA5CE20":16172,"lon":-80.33112,"lat":41.1177,"bw":-80.3346,"bs":41.1144,"be":-80.3279,"bn":41.1206}},
{"type":"Feature","geometry":{"type":"Point","coordinates":[-90.18891,32.30114]},"properties":{"ZCTA5CE20":39269,"lon":-90.188907,"lat":32.301141,"bw":-90.1893,"bs":32.3004,"be":-90.1885,"bn":32.3019}},
{"type":"Feature","geometry":{"type":"Point","coordinates":[-82.69946,40.39568]},"properties":{"ZCTA5CE20":43350,"lon":-82.699456,"lat":40.395683,"bw":-82.7045,"bs":40.3913,"be":-82.6953,"bn":40.3986}},
{"type":"Feature","geometry":{"type":"Point","coordinates":[-84.57034,33.22792]},"properties":{"ZCTA5CE20":30229,"lon":-84.570336,"lat":33.227921,"bw":-84.5714,"bs":33.2252,"be":-84.5693,"bn":33.2298}},
{"type":"Feature","geometry":{"type":"Point","coordinates":[-81.90099,36.06593]},"properties":{"ZCTA5CE20":28653,"lon":-81.90099,"lat":36.065929,"bw":-81.9028,"bs":36.0634,"be":-81.8981,"bn":36.0696}},
{"type":"Feature","geometry":{"type":"Point","coordinates":[-82.00172,35.13453]},"properties":{"ZCTA5CE20":29338,"lon":-82.001719,"lat":35.134531,"bw":-82.007,"bs":35.1312,"be":-81.9969,"bn":35.138}},
{"type":"Feature","geometry":{"type":"Point","coordinates":[-86.2416,43.22205]},"properties":{"ZCTA5CE20":49443,"lon":-86.241599,"lat":43.222048,"bw":-86.2443,"bs":43.2197,"be":-86.2393,"bn":43.2242}},
{"type":"Feature","geometry":{"type":"Point","coordinates":[-84.54969,40.48907]},"properties":{"ZCTA5CE20":45866,"lon":-84.549694,"lat":40.489068,"bw":-84.5549,"bs":40.4873,"be":-84.544,"bn":40.4925}},
{"type":"Feature","geometry":{"type":"Point","coordinates":[-71.96344,41.88568]},"properties":{"ZCTA5CE20":6258,"lon":-71.963437,"lat":41.88568,"bw":-71.9654,"bs":41.8834,"be":-71.9619,"bn":41.8876}},
{"type":"Feature","geometry":{"type":"Point","coordinates":[-90.28166,36.84368]},"properties":{"ZCTA5CE20":63962,"lon":-90.281659,"lat":36.843679,"bw":-90.2836,"bs":36.8424,"be":-90.2799,"bn":36.846}},
{"type":"Feature","geometry":{"type":"Point","coordinates":[-79.05476,34.58687]},"properties":{"ZCTA5CE20":28359,"lon":-79.054757,"lat":34.586866,"bw":-79.0562,"bs":34.584,"be":-79.0528,"bn":34.589}},
{"type":"Feature","geometry":{"type":"Point","coordinates":[-76.24464,40.67928]},"properties":{"ZCTA5CE20":17951,"lon":-76.244639,"lat":40.679279,"bw":-76.2484,"bs":40.676,"be":-76.2397,"bn":40.6828}},
{"type":"Feature","geometry":{"type":"Point","coordinates":[-94.6484,31.61982]},"properties":{"ZCTA5CE20":75962,"lon":-94.648397,"lat":31.619815,"bw":-94.6528,"bs":31.6161,"be":-94.6442,"bn":31.6231}},
{"type":"Feature","geometry":{"type":"Point","coordinates":[-95.34808,37.92006]},"properties":{"ZCTA5CE20":66742,"lon":-95.348082,"lat":37.920064,"bw":-95.3508,"bs":37.9174,"be":-95.3421,"bn":37.9232}},
{"type":"Feature","geometry":{"type":"Point","coordinates":[-78.45742,40.27247]},"properties":{"ZCTA5CE20":16682,"lon":-78.457422,"lat":40.27247,"bw":-78.4604,"bs":40.2699,"be":-78.4526,"bn":40.2742}},
{"type":"Feature","geometry":{"type":"Point","coordinates":[-122.48195,47.26271]},"properties":{"ZCTA5CE20":98416,"lon":-122.481953,"lat":47.26271,"bw":-122.4856,"bs":47.2598,"be":-122.4794,"bn":47.2655}},
{"type":"Feature","geometry":{"type":"Point","coordinates":[-79.5358,40.76075]},"properties":{"ZCTA5CE20":16228,"lon":-79.535797,"lat":40.760754,"bw":-79.54,"bs":40.7584,"be":-79.5315,"bn":40.763}},
{"type":"Feature","geometry":{"type":"Point","coordinates":[-70.49913,44.26078]},"properties":{"ZCTA5CE20":4271,"lon":-70.499126,"lat":44.260783,"bw":-70.5023,"bs":44.2592,"be":-70.4942,"bn":44.2624}},
{"type":"Feature","geometry":{"type":"Point","coordinates":[-96.91835,44.89366]},"properties":{"ZCTA5CE20":57245,"lon":-96.91835,"lat":44.893657,"bw":-96.9235,"bs":44.89,"be":-96.9132,"bn":44.8972}},
{"type":"Feature","geometry":{"type":"Point","coordinates":[-84.14641,40.8811]},"properties":{"ZCTA5CE20":45893,"lon":-84.146406,"lat":40.881101,"bw":-84.1521,"bs":40.8778,"be":-84.1382,"bn":40.8843}},
{"type":"Feature","geometry":{"type":"Point","coordinates":[-78.49629,38.0311]},"properties":{"ZCTA5CE20":22908,"lon":-78.496292,"lat":38.031104,"bw":-78.4988,"bs":38.0301,"be":-78.4954,"bn":38.0317}},
{"type":"Feature","geometry":{"type":"Point","coordinates":[-73.97243,40.76362]},"properties":{"ZCTA5CE20":10153,"lon":-73.972435,"lat":40.763621,"bw":-73.9735,"bs":40.763,"be":-73.9714,"bn":40.7643}},
{"type":"Feature","geometry":{"type":"Point","coordinates":[-72.46083,43.62886]},"properties":{"ZCTA5CE20":5073,"lon":-72.460835,"lat":43.628864,"bw":-72.4677,"bs":43.6269,"be":-72.4549,"bn":43.6311}},
{"type":"Feature","geometry":{"type":"Point","coordinates":[-83.14629,41.24258]},"properties":{"ZCTA5CE20":44861,"lon":-83.146292,"lat":41.242583,"bw":-83.1504,"bs":41.2363,"be":-83.1414,"bn":41.2467}},
{"type":"Feature","geometry":{"type":"Point","coordinates":[-81.42575,37.40992]},"properties":{"ZCTA5CE20":24855,"lon":-81.425745,"lat":37.409917,"bw":-81.4267,"bs":37.4051,"be":-81.4211,"bn":37.4133}},
{"type":"Feature","geometry":{"type":"Point","coordinates":[-157.88966,21.36005]},"properties":{"ZCTA5CE20":96859,"lon":-157.889661,"lat":21.360046,"bw":-157.8914,"bs":21.358,"be":-157.8881,"bn":21.3622}},
{"type":"Feature","geometry":{"type":"Point","coordinates":[-95.89231,33.27839]},"properties":{"ZCTA5CE20":75429,"lon":-95.892306,"lat":33.278392,"bw":-95.8975,"bs":33.2748,"be":-95.887,"bn":33.2808}},
{"type":"Feature","geometry":{"type":"Point","coordinates":[-81.03006,33.99536]},"properties":{"ZCTA5CE20":29225,"lon":-81.030063,"lat":33.995364,"bw":-81.0317,"bs":33.9932,"be":-81.0283,"bn":33.9976}},
{"type":"Feature","geometry":{"type":"Point","coordinates":[-84.06313,39.78116]},"properties":{"ZCTA5CE20":45435,"lon":-84.063133,"lat":39.781158,"bw":-84.0667,"bs":39.7771,"be":-84.0591,"bn":39.7852}},
{"type":"Feature","geometry":{"type":"Point","coordinates":[-81.58371,39.56579]},"properties":{"ZCTA5CE20":45721,"lon":-81.583712,"lat":39.565787,"bw":-81.5853,"bs":39.5622,"be":-81.5805,"bn":39.5674}},
{"type":"Feature","geometry":{"type":"Point","coordinates":[-79.93472,40.34818]},"properties":{"ZCTA5CE20":15123,"lon":-79.934719,"lat":40.348183,"bw":-79.9391,"bs":40.3438,"be":-79.9296,"bn":40.3498}},
{"type":"Feature","geometry":{"type":"Point","coordinates":[-83.22551,33.05456]},"properties":{"ZCTA5CE20":31034,"lon":-83.225506,"lat":33.054562,"bw":-83.2288,"bs":33.0526,"be":-83.2225,"bn":33.0566}},
{"type":"Feature","geometry":{"type":"Point","coordinates":[-91.59256,32.24053]},"properties":{"ZCTA5CE20":71230,"lon":-91.592561,"lat":32.240534,"bw":-91.5949,"bs":32.2373,"be":-91.591,"bn":32.2429}},
{"type":"Feature","geometry":{"type":"Point","coordinates":[-84.50734,38.02979]},"properties":{"ZCTA5CE20":40536,"lon":-84.507338,"lat":38.029791,"bw":-84.5107,"bs":38.0264,"be":-84.5038,"bn":38.0334}},
{"type":"Feature","geometry":{"type":"Point","coordinates":[-122.87486,39.00319]},"properties":{"ZCTA5CE20":95435,"lon":-122.874859,"lat":39.00319,"bw":-122.8756,"bs":39.0013,"be":-122.8734,"bn":39.0043}},
{"type":"Feature","geometry":{"type":"Point","coordinates":[-96.69664,40.82522]},"properties":{"ZCTA5CE20":68588,"lon":-96.696642,"lat":40.825224,"bw":-96.6982,"bs":40.8209,"be":-96.6942,"bn":40.8281}},
{"type":"Feature","geometry":{"type":"Point","coordinates":[-69.05841,45.35269]},"properties":{"ZCTA5CE20":4415,"lon":-69.058409,"lat":45.352689,"bw":-69.0625,"bs":45.3494,"be":-69.0518,"bn":45.3579}},
{"type":"Feature","geometry":{"type":"Point","coordinates":[-75.56016,40.54785]},"properties":{"ZCTA5CE20":18046,"lon":-75.560158,"lat":40.547854,"bw":-75.5633,"bs":40.5463,"be":-75.5577,"bn":40.5497}},
{"type":"Feature","geometry":{"type":"Point","coordinates":[-82.1152,31.40508]},"properties":{"ZCTA5CE20":31556,"lon":-82.115202,"lat":31.405082,"bw":-82.1197,"bs":31.401,"be":-82.1105,"bn":31.409}},
{"type":"Feature","geometry":{"type":"Point","coordinates":[-83.15232,34.28283]},"properties":{"ZCTA5CE20":30639,"lon":-83.152321,"lat":34.282828,"bw":-83.1545,"bs":34.2811,"be":-83.15,"bn":34.2845}},
{"type":"Feature","geometry":{"type":"Point","coordinates":[-97.42726,35.22733]},"properties":{"ZCTA5CE20":73070,"lon":-97.42726,"lat":35.227333,"bw":-97.4303,"bs":35.2258,"be":-97.424,"bn":35.2301}},
{"type":"Feature","geometry":{"type":"Point","coordinates":[-81.84229,33.51776]},"properties":{"ZCTA5CE20":29834,"lon":-81.842295,"lat":33.51776,"bw":-81.847,"bs":33.5138,"be":-81.8367,"bn":33.5226}},
{"type":"Feature","geometry":{"type":"Point","coordinates":[-85.50591,36.16334]},"properties":{"ZCTA5CE20":38503,"lon":-85.505906,"lat":36.163342,"bw":-85.5061,"bs":36.1631,"be":-85.5055,"bn":36.1635}},
{"type":"Feature","geometry":{"type":"Point","coordinates":[-89.79476,43.59122]},"properties":{"ZCTA5CE20":53940,"lon":-89.794759,"lat":43.591218,"bw":-89.7958,"bs":43.5892,"be":-89.792,"bn":43.5939}},
{"type":"Feature","geometry":{"type":"Point","coordinates":[-77.04854,38.8994]},"properties":{"ZCTA5CE20":20052,"lon":-77.048545,"lat":38.899398,"bw":-77.0501,"bs":38.896,"be":-77.0435,"bn":38.9007}},
{"type":"Feature","geometry":{"type":"Point","coordinates":[-77.07519,38.90891]},"properties":{"ZCTA5CE20":20057,"lon":-77.075186,"lat":38.90891,"bw":-77.079,"bs":38.9051,"be":-77.0715,"bn":38.9127}},
{"type":"Feature","geometry":{"type":"Point","coordinates":[-90.23281,38.22469]},"properties":{"ZCTA5CE20":62256,"lon":-90.232814,"lat":38.224695,"bw":-90.2366,"bs":38.2219,"be":-90.2265,"bn":38.2317}},
{"type":"Feature","geometry":{"type":"Point","coordinates":[-77.00901,38.88681]},"properties":{"ZCTA5CE20":20515,"lon":-77.009006,"lat":38.88681,"bw":-77.0122,"bs":38.886,"be":-77.0059,"bn":38.8876}},
{"type":"Feature","geometry":{"type":"Point","coordinates":[-73.79457,40.72203]},"properties":{"ZCTA5CE20":11439,"lon":-73.794574,"lat":40.722025,"bw":-73.799,"bs":40.7175,"be":-73.7903,"bn":40.7258}},
{"type":"Feature","geometry":{"type":"Point","coordinates":[-92.24954,41.26594]},"properties":{"ZCTA5CE20":52562,"lon":-92.249538,"lat":41.265937,"bw":-92.2526,"bs":41.2612,"be":-92.243,"bn":41.2684}},
{"type":"Feature","geometry":{"type":"Point","coordinates":[-70.86039,44.40307]},"properties":{"ZCTA5CE20":4286,"lon":-70.860392,"lat":44.403072,"bw":-70.8619,"bs":44.402,"be":-70.8581,"bn":44.4045}},
{"type":"Feature","geometry":{"type":"Point","coordinates":[-75.27066,40.34466]},"properties":{"ZCTA5CE20":18962,"lon":-75.270663,"lat":40.344657,"bw":-75.2761,"bs":40.3408,"be":-75.2649,"bn":40.3482}},
{"type":"Feature","geometry":{"type":"Point","coordinates":[-81.69924,28.61739]},"properties":{"ZCTA5CE20":34729,"lon":-81.699241,"lat":28.617389,"bw":-81.7038,"bs":28.6138,"be":-81.6935,"bn":28.622}},
{"type":"Feature","geometry":{"type":"Point","coordinates":[-75.37655,42.91791]},"properties":{"ZCTA5CE20":13455,"lon":-75.37655,"lat":42.91791,"bw":-75.3803,"bs":42.9138,"be":-75.3733,"bn":42.9224}},
{"type":"Feature","geometry":{"type":"Point","coordinates":[-73.16524,44.49573]},"properties":{"ZCTA5CE20":5439,"lon":-73.165241,"lat":44.495732,"bw":-73.1711,"bs":44.4929,"be":-73.1594,"bn":44.4989}},
{"type":"Feature","geometry":{"type":"Point","coordinates":[-96.80193,32.78126]},"properties":{"ZCTA5CE20":75270,"lon":-96.80193,"lat":32.781259,"bw":-96.8026,"bs":32.7808,"be":-96.8012,"bn":32.7817}},
{"type":"Feature","geometry":{"type":"Point","coordinates":[-73.84605,44.89104]},"properties":{"ZCTA5CE20":12933,"lon":-73.846049,"lat":44.89104,"bw":-73.8494,"bs":44.8899,"be":-73.8416,"bn":44.892}},
{"type":"Feature","geometry":{"type":"Point","coordinates":[-70.84699,42.02062]},"properties":{"ZCTA5CE20":2350,"lon":-70.846986,"lat":42.020615,"bw":-70.8509,"bs":42.0171,"be":-70.8412,"bn":42.0233}},
{"type":"Feature","geometry":{"type":"Point","coordinates":[-121.87332,36.59736]},"properties":{"ZCTA5CE20":93943,"lon":-121.873323,"lat":36.597359,"bw":-121.8789,"bs":36.5934,"be":-121.867,"bn":36.6007}},
{"type":"Feature","geometry":{"type":"Point","coordinates":[-85.51335,36.82909]},"properties":{"ZCTA5CE20":42759,"lon":-85.513352,"lat":36.829087,"bw":-85.5173,"bs":36.8247,"be":-85.5082,"bn":36.8343}},
{"type":"Feature","geometry":{"type":"Point","coordinates":[-78.7002,34.29078]},"properties":{"ZCTA5CE20":28424,"lon":-78.700197,"lat":34.290781,"bw":-78.7037,"bs":34.2849,"be":-78.6954,"bn":34.2951}},
{"type":"Feature","geometry":{"type":"Point","coordinates":[-87.2062,40.51281]},"properties":{"ZCTA5CE20":47986,"lon":-87.206198,"lat":40.512805,"bw":-87.2127,"bs":40.5109,"be":-87.2005,"bn":40.5191}},
{"type":"Feature","geometry":{"type":"Point","coordinates":[-73.9718,40.75871]},"properties":{"ZCTA5CE20":10152,"lon":-73.971798,"lat":40.758714,"bw":-73.9731,"bs":40.7577,"be":-73.9705,"bn":40.7597}},
{"type":"Feature","geometry":{"type":"Point","coordinates":[-83.60265,31.96149]},"properties":{"ZCTA5CE20":31084,"lon":-83.602652,"lat":31.961489,"bw":-83.605,"bs":31.9601,"be":-83.5999,"bn":31.963}},
{"type":"Feature","geometry":{"type":"Point","coordinates":[-66.095,18.46446]},"properties":{"ZCTA5CE20":906,"lon":-66.094996,"lat":18.46446,"bw":-66.0956,"bs":18.4641,"be":-66.0944,"bn":18.4649}},
{"type":"Feature","geometry":{"type":"Point","coordinates":[-82.21965,35.90875]},"properties":{"ZCTA5CE20":28755,"lon":-82.219647,"lat":35.908749,"bw":-82.2236,"bs":35.9047,"be":-82.2131,"bn":35.9108}},
{"type":"Feature","geometry":{"type":"Point","coordinates":[-92.07344,32.52731]},"properties":{"ZCTA5CE20":71212,"lon":-92.073442,"lat":32.527306,"bw":-92.0764,"bs":32.5243,"be":-92.0697,"bn":32.5295}},
{"type":"Feature","geometry":{"type":"Point","coordinates":[-78.90615,40.01618]},"properties":{"ZCTA5CE20":15560,"lon":-78.906151,"lat":40.016179,"bw":-78.9121,"bs":40.0132,"be":-78.9012,"bn":40.0221}},
{"type":"Feature","geometry":{"type":"Point","coordinates":[-96.75497,43.53124]},"properties":{"ZCTA5CE20":57117,"lon":-96.754973,"lat":43.531243,"bw":-96.7587,"bs":43.5294,"be":-96.7512,"bn":43.5331}},
{"type":"Feature","geometry":{"type":"Point","coordinates":[-91.17129,40.46886]},"properties":{"ZCTA5CE20":62336,"lon":-91.171291,"lat":40.468863,"bw":-91.1784,"bs":40.4635,"be":-91.1686,"bn":40.4714}},
{"type":"Feature","geometry":{"type":"Point","coordinates":[-74.55216,40.66722]},"properties":{"ZCTA5CE20":7939,"lon":-74.552165,"lat":40.66722,"bw":-74.5553,"bs":40.6632,"be":-74.5487,"bn":40.6711}},
{"type":"Feature","geometry":{"type":"Point","coordinates":[-96.16221,33.87977]},"properties":{"ZCTA5CE20":74721,"lon":-96.162211,"lat":33.879774,"bw":-96.1655,"bs":33.878,"be":-96.16,"bn":33.8822}},
{"type":"Feature","geometry":{"type":"Point","coordinates":[-82.42796,38.42359]},"properties":{"ZCTA5CE20":25755,"lon":-82.427963,"lat":38.423591,"bw":-82.4322,"bs":38.4215,"be":-82.4237,"bn":38.4258}},
{"type":"Feature","geometry":{"type":"Point","coordinates":[-72.59091,42.10189]},"properties":{"ZCTA5CE20":1144,"lon":-72.590912,"lat":42.101891,"bw":-72.5931,"bs":42.1004,"be":-72.5887,"bn":42.1033}},
{"type":"Feature","geometry":{"type":"Point","coordinates":[-78.6407,40.40851]},"properties":{"ZCTA5CE20":15925,"lon":-78.640699,"lat":40.408512,"bw":-78.6436,"bs":40.4055,"be":-78.638,"bn":40.411}},
{"type":"Feature","geometry":{"type":"Point","coordinates":[-78.60128,41.35267]},"properties":{"ZCTA5CE20":15831,"lon":-78.601276,"lat":41.352668,"bw":-78.61,"bs":41.3505,"be":-78.5983,"bn":41.3555}},
{"type":"Feature","geometry":{"type":"Point","coordinates":[-106.64339,35.09669]},"properties":{"ZCTA5CE20":87101,"lon":-106.643389,"lat":35.096692,"bw":-106.645,"bs":35.0943,"be":-106.6417,"bn":35.099}},
{"type":"Feature","geometry":{"type":"Point","coordinates":[-79.60606,40.32549]},"properties":{"ZCTA5CE20":15634,"lon":-79.606061,"lat":40.325494,"bw":-79.6114,"bs":40.3214,"be":-79.602,"bn":40.3282}},
{"type":"Feature","geometry":{"type":"Point","coordinates":[-89.6157,40.69768]},"properties":{"ZCTA5CE20":61625,"lon":-89.615702,"lat":40.697682,"bw":-89.6173,"bs":40.6954,"be":-89.6104,"bn":40.6998}},
{"type":"Feature","geometry":{"type":"Point","coordinates":[-84.34341,31.72241]},"properties":{"ZCTA5CE20":39885,"lon":-84.343415,"lat":31.722414,"bw":-84.3469,"bs":31.7176,"be":-84.3392,"bn":31.725}},
{"type":"Feature","geometry":{"type":"Point","coordinates":[-81.68331,30.20747]},"properties":{"ZCTA5CE20":32214,"lon":-81.683309,"lat":30.207474,"bw":-81.6869,"bs":30.2048,"be":-81.6802,"bn":30.2098}},
{"type":"Feature","geometry":{"type":"Point","coordinates":[-84.48752,39.98706]},"properties":{"ZCTA5CE20":45358,"lon":-84.487521,"lat":39.987055,"bw":-84.4921,"bs":39.9839,"be":-84.4841,"bn":39.9913}},
{"type":"Feature","geometry":{"type":"Point","coordinates":[-85.31217,35.04896]},"properties":{"ZCTA5CE20":37450,"lon":-85.312167,"lat":35.048964,"bw":-85.3127,"bs":35.0483,"be":-85.3117,"bn":35.0496}},
{"type":"Feature","geometry":{"type":"Point","coordinates":[-89.01985,41.49936]},"properties":{"ZCTA5CE20":61371,"lon":-89.019853,"lat":41.499358,"bw":-89.0252,"bs":41.4953,"be":-89.0171,"bn":41.5052}},
{"type":"Feature","geometry":{"type":"Point","coordinates":[-95.72231,39.02631]},"properties":{"ZCTA5CE20":66622,"lon":-95.722313,"lat":39.026309,"bw":-95.725,"bs":39.0228,"be":-95.7197,"bn":39.0295}},
{"type":"Feature","geometry":{"type":"Point","coordinates":[-81.55795,28.69577]},"properties":{"ZCTA5CE20":32768,"lon":-81.557953,"lat":28.695772,"bw":-81.5593,"bs":28.6933,"be":-81.5566,"bn":28.6983}},
{"type":"Feature","geometry":{"type":"Point","coordinates":[-104.90021,39.79002]},"properties":{"ZCTA5CE20":80266,"lon":-104.900207,"lat":39.790023,"bw":-104.9033,"bs":39.7856,"be":-104.8974,"bn":39.7935}},
{"type":"Feature","geometry":{"type":"Point","coordinates":[-82.97045,38.87414]},"properties":{"ZCTA5CE20":45699,"lon":-82.970451,"lat":38.874143,"bw":-82.9769,"bs":38.8705,"be":-82.9652,"bn":38.8788}},
{"type":"Feature","geometry":{"type":"Point","coordinates":[-80.10967,39.52791]},"properties":{"ZCTA5CE20":26586,"lon":-80.109668,"lat":39.527914,"bw":-80.1127,"bs":39.5234,"be":-80.1054,"bn":39.5307}},
{"type":"Feature","geometry":{"type":"Point","coordinates":[-76.65225,39.71512]},"properties":{"ZCTA5CE20":21105,"lon":-76.652247,"lat":39.715116,"bw":-76.6558,"bs":39.7111,"be":-76.6486,"bn":39.7192}},
{"type":"Feature","geometry":{"type":"Point","coordinates":[-87.68023,34.80766]},"properties":{"ZCTA5CE20":35632,"lon":-87.680226,"lat":34.807661,"bw":-87.6838,"bs":34.8048,"be":-87.6774,"bn":34.8106}},
{"type":"Feature","geometry":{"type":"Point","coordinates":[-73.97386,40.7559]},"properties":{"ZCTA5CE20":10171,"lon":-73.973861,"lat":40.755901,"bw":-73.9749,"bs":40.7552,"be":-73.9728,"bn":40.7566}},
{"type":"Feature","geometry":{"type":"Point","coordinates":[-83.20636,39.76853]},"properties":{"ZCTA5CE20":43117,"lon":-83.206361,"lat":39.768526,"bw":-83.2075,"bs":39.7667,"be":-83.205,"bn":39.7707}},
{"type":"Feature","geometry":{"type":"Point","coordinates":[-84.19111,39.7604]},"properties":{"ZCTA5CE20":45423,"lon":-84.191111,"lat":39.760399,"bw":-84.1922,"bs":39.7595,"be":-84.19,"bn":39.7613}},
{"type":"Feature","geometry":{"type":"Point","coordinates":[-83.34096,40.13717]},"properties":{"ZCTA5CE20":43077,"lon":-83.340958,"lat":40.137168,"bw":-83.3462,"bs":40.1311,"be":-83.3369,"bn":40.1406}},
{"type":"Feature","geometry":{"type":"Point","coordinates":[-73.82795,40.714]},"properties":{"ZCTA5CE20":11424,"lon":-73.827952,"lat":40.713998,"bw":-73.8307,"bs":40.7127,"be":-73.8263,"bn":40.7151}},
{"type":"Feature","geometry":{"type":"Point","coordinates":[-91.41284,32.79224]},"properties":{"ZCTA5CE20":71242,"lon":-91.41284,"lat":32.792236,"bw":-91.4148,"bs":32.791,"be":-91.4112,"bn":32.7937}},
{"type":"Feature","geometry":{"type":"Point","coordinates":[-111.88724,40.76675]},"properties":{"ZCTA5CE20":84138,"lon":-111.887244,"lat":40.766746,"bw":-111.8882,"bs":40.7663,"be":-111.8862,"bn":40.7672}},
{"type":"Feature","geometry":{"type":"Point","coordinates":[-95.89263,31.78928]},"properties":{"ZCTA5CE20":75884,"lon":-95.892632,"lat":31.789279,"bw":-95.8961,"bs":31.787,"be":-95.888,"bn":31.7919}},
{"type":"Feature","geometry":{"type":"Point","coordinates":[-73.97873,40.75213]},"properties":{"ZCTA5CE20":10165,"lon":-73.978727,"lat":40.752131,"bw":-73.9798,"bs":40.7515,"be":-73.9777,"bn":40.7528}},
{"type":"Feature","geometry":{"type":"Point","coordinates":[-96.7386,43.52454]},"properties":{"ZCTA5CE20":57197,"lon":-96.738603,"lat":43.524538,"bw":-96.7412,"bs":43.5221,"be":-96.7362,"bn":43.5273}},
{"type":"Feature","geometry":{"type":"Point","coordinates":[-77.023,38.89284]},"properties":{"ZCTA5CE20":20408,"lon":-77.023003,"lat":38.892843,"bw":-77.024,"bs":38.8921,"be":-77.0219,"bn":38.8939}},
{"type":"Feature","geometry":{"type":"Point","coordinates":[-89.78165,36.82229]},"properties":{"ZCTA5CE20":63850,"lon":-89.78165,"lat":36.822288,"bw":-89.7835,"bs":36.8214,"be":-89.7809,"bn":36.8232}},
{"type":"Feature","geometry":{"type":"Point","coordinates":[-77.63343,40.0946]},"properties":{"ZCTA5CE20":17232,"lon":-77.633426,"lat":40.094595,"bw":-77.6351,"bs":40.0936,"be":-77.6312,"bn":40.0966}},
{"type":"Feature","geometry":{"type":"Point","coordinates":[-122.33204,47.60597]},"properties":{"ZCTA5CE20":98164,"lon":-122.332041,"lat":47.605966,"bw":-122.3329,"bs":47.6054,"be":-122.3311,"bn":47.6066}},
{"type":"Feature","geometry":{"type":"Point","coordinates":[-90.73441,34.65562]},"properties":{"ZCTA5CE20":72352,"lon":-90.734406,"lat":34.655619,"bw":-90.7373,"bs":34.6529,"be":-90.7326,"bn":34.6611}},
{"type":"Feature","geometry":{"type":"Point","coordinates":[-118.24092,34.21169]},"properties":{"ZCTA5CE20":91046,"lon":-118.240923,"lat":34.21169,"bw":-118.2421,"bs":34.2108,"be":-118.24,"bn":34.2125}},
{"type":"Feature","geometry":{"type":"Point","coordinates":[-72.6391,42.31973]},"properties":{"ZCTA5CE20":1063,"lon":-72.639098,"lat":42.319732,"bw":-72.6451,"bs":42.3162,"be":-72.635,"bn":42.3221}},
{"type":"Feature","geometry":{"type":"Point","coordinates":[-70.61009,43.17362]},"properties":{"ZCTA5CE20":3910,"lon":-70.610087,"lat":43.173617,"bw":-70.612,"bs":43.1715,"be":-70.6026,"bn":43.1771}},
{"type":"Feature","geometry":{"type":"Point","coordinates":[-83.06217,42.32354]},"properties":{"ZCTA5CE20":48233,"lon":-83.062171,"lat":42.323541,"bw":-83.0666,"bs":42.3216,"be":-83.0595,"bn":42.3251}},
{"type":"Feature","geometry":{"type":"Point","coordinates":[-76.23417,39.94769]},"properties":{"ZCTA5CE20":17568,"lon":-76.23417,"lat":39.947687,"bw":-76.2403,"bs":39.9456,"be":-76.2296,"bn":39.953}},
{"type":"Feature","geometry":{"type":"Point","coordinates":[-80.81876,40.06767]},"properties":{"ZCTA5CE20":43909,"lon":-80.818762,"lat":40.067666,"bw":-80.8207,"bs":40.0669,"be":-80.8063,"bn":40.0691}},
{"type":"Feature","geometry":{"type":"Point","coordinates":[-92.59119,43.15713]},"properties":{"ZCTA5CE20":50620,"lon":-92.591194,"lat":43.157126,"bw":-92.5953,"bs":43.154,"be":-92.5879,"bn":43.1605}},
{"type":"Feature","geometry":{"type":"Point","coordinates":[-79.4966,40.52098]},"properties":{"ZCTA5CE20":15680,"lon":-79.496602,"lat":40.52098,"bw":-79.5028,"bs":40.5176,"be":-79.4901,"bn":40.524}},
{"type":"Feature","geometry":{"type":"Point","coordinates":[-85.44457,40.00642]},"properties":{"ZCTA5CE20":47388,"lon":-85.444571,"lat":40.006419,"bw":-85.4499,"bs":40.0012,"be":-85.4373,"bn":40.0089}},
{"type":"Feature","geometry":{"type":"Point","coordinates":[-97.63249,35.0341]},"properties":{"ZCTA5CE20":73031,"lon":-97.632487,"lat":35.034102,"bw":-97.6354,"bs":35.0299,"be":-97.6272,"bn":35.037}},
{"type":"Feature","geometry":{"type":"Point","coordinates":[-122.9582,38.42336]},"properties":{"ZCTA5CE20":95419,"lon":-122.958199,"lat":38.423365,"bw":-122.9622,"bs":38.4214,"be":-122.9542,"bn":38.4254}},
{"type":"Feature","geometry":{"type":"Point","coordinates":[-118.12502,34.13818]},"properties":{"ZCTA5CE20":91125,"lon":-118.125016,"lat":34.138176,"bw":-118.128,"bs":34.1324,"be":-118.1213,"bn":34.1418}},
{"type":"Feature","geometry":{"type":"Point","coordinates":[-92.90973,42.66249]},"properties":{"ZCTA5CE20":50649,"lon":-92.909726,"lat":42.662491,"bw":-92.9121,"bs":42.6614,"be":-92.9077,"bn":42.6635}},
{"type":"Feature","geometry":{"type":"Point","coordinates":[-97.92694,32.61751]},"properties":{"ZCTA5CE20":76439,"lon":-97.92694,"lat":32.617505,"bw":-97.93,"bs":32.6153,"be":-97.9254,"bn":32.6213}},
{"type":"Feature","geometry":{"type":"Point","coordinates":[-77.04421,38.89495]},"properties":{"ZCTA5CE20":20415,"lon":-77.044212,"lat":38.89495,"bw":-77.0452,"bs":38.8935,"be":-77.0435,"bn":38.896}},
{"type":"Feature","geometry":{"type":"Point","coordinates":[-69.58818,44.62543]},"properties":{"ZCTA5CE20":4975,"lon":-69.588175,"lat":44.625428,"bw":-69.591,"bs":44.6219,"be":-69.5861,"bn":44.6277}},
{"type":"Feature","geometry":{"type":"Point","coordinates":[-76.71117,39.25558]},"properties":{"ZCTA5CE20":21250,"lon":-76.711167,"lat":39.255584,"bw":-76.7166,"bs":39.2514,"be":-76.7057,"bn":39.2597}},
{"type":"Feature","geometry":{"type":"Point","coordinates":[-90.44857,31.18432]},"properties":{"ZCTA5CE20":39635,"lon":-90.448572,"lat":31.184315,"bw":-90.451,"bs":31.1802,"be":-90.446,"bn":31.1891}},
{"type":"Feature","geometry":{"type":"Point","coordinates":[-77.02297,38.88694]},"properties":{"ZCTA5CE20":20591,"lon":-77.02297,"lat":38.886944,"bw":-77.024,"bs":38.8863,"be":-77.0219,"bn":38.8876}},
{"type":"Feature","geometry":{"type":"Point","coordinates":[-84.28853,41.32805]},"properties":{"ZCTA5CE20":43530,"lon":-84.288534,"lat":41.328048,"bw":-84.2981,"bs":41.3252,"be":-84.2851,"bn":41.3319}},
{"type":"Feature","geometry":{"type":"Point","coordinates":[-86.38529,42.18046]},"properties":{"ZCTA5CE20":49084,"lon":-86.385292,"lat":42.180458,"bw":-86.3894,"bs":42.1756,"be":-86.3805,"bn":42.1839}},
{"type":"Feature","geometry":{"type":"Point","coordinates":[-79.02831,41.08618]},"properties":{"ZCTA5CE20":15847,"lon":-79.028311,"lat":41.086182,"bw":-79.0325,"bs":41.0856,"be":-79.0267,"bn":41.0868}},
{"type":"Feature","geometry":{"type":"Point","coordinates":[-73.9771,40.75144]},"properties":{"ZCTA5CE20":10168,"lon":-73.977099,"lat":40.751443,"bw":-73.9782,"bs":40.7508,"be":-73.976,"bn":40.7521}},
{"type":"Feature","geometry":{"type":"Point","coordinates":[-92.42642,31.32467]},"properties":{"ZCTA5CE20":71359,"lon":-92.426417,"lat":31.324667,"bw":-92.4299,"bs":31.3207,"be":-92.4217,"bn":31.3287}},
{"type":"Feature","geometry":{"type":"Point","coordinates":[-95.15612,43.2404]},"properties":{"ZCTA5CE20":51340,"lon":-95.156124,"lat":43.240404,"bw":-95.1603,"bs":43.238,"be":-95.1521,"bn":43.2439}},
{"type":"Feature","geometry":{"type":"Point","coordinates":[-81.62699,31.76786]},"properties":{"ZCTA5CE20":31333,"lon":-81.62699,"lat":31.767856,"bw":-81.6322,"bs":31.7656,"be":-81.6238,"bn":31.7692}},
{"type":"Feature","geometry":{"type":"Point","coordinates":[-95.95253,36.05064]},"properties":{"ZCTA5CE20":74171,"lon":-95.952529,"lat":36.050644,"bw":-95.9578,"bs":36.0464,"be":-95.9467,"bn":36.0554}},
{"type":"Feature","geometry":{"type":"Point","coordinates":[-71.05562,42.34937]},"properties":{"ZCTA5CE20":2205,"lon":-71.055622,"lat":42.349373,"bw":-71.0588,"bs":42.3462,"be":-71.0527,"bn":42.3526}},
{"type":"Feature","geometry":{"type":"Point","coordinates":[-92.45809,35.07908]},"properties":{"ZCTA5CE20":72035,"lon":-92.458088,"lat":35.079082,"bw":-92.4631,"bs":35.0757,"be":-92.4541,"bn":35.0813}},
{"type":"Feature","geometry":{"type":"Point","coordinates":[-80.76372,28.44512]},"properties":{"ZCTA5CE20":32959,"lon":-80.763719,"lat":28.445121,"bw":-80.7645,"bs":28.4435,"be":-80.7629,"bn":28.4468}},
{"type":"Feature","geometry":{"type":"Point","coordinates":[-84.50125,38.02936]},"properties":{"ZCTA5CE20":40526,"lon":-84.50125,"lat":38.02936,"bw":-84.5051,"bs":38.0277,"be":-84.4985,"bn":38.032}},
{"type":"Feature","geometry":{"type":"Point","coordinates":[-95.39508,41.72002]},"properties":{"ZCTA5CE20":51578,"lon":-95.39508,"lat":41.72002,"bw":-95.3977,"bs":41.718,"be":-95.3926,"bn":41.722}},
{"type":"Feature","geometry":{"type":"Point","coordinates":[-83.87287,31.20044]},"properties":{"ZCTA5CE20":31753,"lon":-83.872873,"lat":31.200438,"bw":-83.874,"bs":31.1995,"be":-83.872,"bn":31.2012}},
{"type":"Feature","geometry":{"type":"Point","coordinates":[-93.49245,36.931]},"properties":{"ZCTA5CE20":65675,"lon":-93.492452,"lat":36.931004,"bw":-93.4974,"bs":36.9287,"be":-93.4865,"bn":36.9333}},
{"type":"Feature","geometry":{"type":"Point","coordinates":[-86.69976,41.53073]},"properties":{"ZCTA5CE20":46345,"lon":-86.699761,"lat":41.530734,"bw":-86.7012,"bs":41.5244,"be":-86.6985,"bn":41.5375}},
{"type":"Feature","geometry":{"type":"Point","coordinates":[-89.52616,37.00594]},"properties":{"ZCTA5CE20":63824,"lon":-89.526162,"lat":37.005945,"bw":-89.5299,"bs":37.0011,"be":-89.5227,"bn":37.0085}},
{"type":"Feature","geometry":{"type":"Point","coordinates":[-87.07279,39.53772]},"properties":{"ZCTA5CE20":47853,"lon":-87.072792,"lat":39.537719,"bw":-87.0751,"bs":39.5346,"be":-87.0704,"bn":39.54}},
{"type":"Feature","geometry":{"type":"Point","coordinates":[-84.17909,39.74034]},"properties":{"ZCTA5CE20":45469,"lon":-84.179093,"lat":39.740337,"bw":-84.1806,"bs":39.7391,"be":-84.1778,"bn":39.7414}},
{"type":"Feature","geometry":{"type":"Point","coordinates":[-80.19876,25.77976]},"properties":{"ZCTA5CE20":33101,"lon":-80.198761,"lat":25.779763,"bw":-80.1997,"bs":25.7788,"be":-80.1979,"bn":25.7807}},
{"type":"Feature","geometry":{"type":"Point","coordinates":[-84.98483,43.11028]},"properties":{"ZCTA5CE20":48870,"lon":-84.984828,"lat":43.110275,"bw":-84.9868,"bs":43.1074,"be":-84.9826,"bn":43.1125}},
{"type":"Feature","geometry":{"type":"Point","coordinates":[-84.45481,46.25773]},"properties":{"ZCTA5CE20":49784,"lon":-84.454813,"lat":46.257726,"bw":-84.4611,"bs":46.2557,"be":-84.4489,"bn":46.2594}},
{"type":"Feature","geometry":{"type":"Point","coordinates":[-75.80671,39.96373]},"properties":{"ZCTA5CE20":19358,"lon":-75.806706,"lat":39.963734,"bw":-75.8122,"bs":39.9608,"be":-75.8011,"bn":39.9668}},
{"type":"Feature","geometry":{"type":"Point","coordinates":[-88.63052,33.48441]},"properties":{"ZCTA5CE20":39753,"lon":-88.630518,"lat":33.484414,"bw":-88.6359,"bs":33.4808,"be":-88.6241,"bn":33.4877}},
{"type":"Feature","geometry":{"type":"Point","coordinates":[-84.5031,39.13812]},"properties":{"ZCTA5CE20":45267,"lon":-84.503097,"lat":39.138122,"bw":-84.5054,"bs":39.1366,"be":-84.5007,"bn":39.1397}},
{"type":"Feature","geometry":{"type":"Point","coordinates":[-83.63937,32.84012]},"properties":{"ZCTA5CE20":31213,"lon":-83.639373,"lat":32.840124,"bw":-83.6405,"bs":32.8393,"be":-83.6382,"bn":32.8408}},
{"type":"Feature","geometry":{"type":"Point","coordinates":[-106.94906,32.2502]},"properties":{"ZCTA5CE20":88004,"lon":-106.949064,"lat":32.250195,"bw":-106.9541,"bs":32.2469,"be":-106.9448,"bn":32.2537}},
{"type":"Feature","geometry":{"type":"Point","coordinates":[-112.04067,46.58991]},"properties":{"ZCTA5CE20":59623,"lon":-112.040672,"lat":46.589909,"bw":-112.0412,"bs":46.5893,"be":-112.0402,"bn":46.5905}},
{"type":"Feature","geometry":{"type":"Point","coordinates":[-88.04548,38.03571]},"properties":{"ZCTA5CE20":62861,"lon":-88.045477,"lat":38.03571,"bw":-88.0498,"bs":38.031,"be":-88.0426,"bn":38.0391}},
{"type":"Feature","geometry":{"type":"Point","coordinates":[-79.41621,42.45146]},"properties":{"ZCTA5CE20":14166,"lon":-79.416215,"lat":42.451464,"bw":-79.4201,"bs":42.4473,"be":-79.4115,"bn":42.4535}},
{"type":"Feature","geometry":{"type":"Point","coordinates":[-92.15808,29.94892]},"properties":{"ZCTA5CE20":70575,"lon":-92.158083,"lat":29.948919,"bw":-92.1603,"bs":29.9473,"be":-92.1561,"bn":29.9505}},
{"type":"Feature","geometry":{"type":"Point","coordinates":[-97.15181,33.21213]},"properties":{"ZCTA5CE20":76203,"lon":-97.151814,"lat":33.212134,"bw":-97.1529,"bs":33.2116,"be":-97.1507,"bn":33.2127}},
{"type":"Feature","geometry":{"type":"Point","coordinates":[-79.03989,39.96415]},"properties":{"ZCTA5CE20":15510,"lon":-79.039894,"lat":39.964152,"bw":-79.0459,"bs":39.9612,"be":-79.036,"bn":39.968}},
{"type":"Feature","geometry":{"type":"Point","coordinates":[-77.02802,38.89489]},"properties":{"ZCTA5CE20":20004,"lon":-77.028024,"lat":38.894891,"bw":-77.0336,"bs":38.8921,"be":-77.0199,"bn":38.8983}},
{"type":"Feature","geometry":{"type":"Point","coordinates":[-83.82516,39.79753]},"properties":{"ZCTA5CE20":45316,"lon":-83.825158,"lat":39.797533,"bw":-83.8291,"bs":39.7944,"be":-83.8219,"bn":39.8007}},
{"type":"Feature","geometry":{"type":"Point","coordinates":[-104.69793,40.47852]},"properties":{"ZCTA5CE20":80646,"lon":-104.697933,"lat":40.478525,"bw":-104.6998,"bs":40.4664,"be":-104.6959,"bn":40.481}},
{"type":"Feature","geometry":{"type":"Point","coordinates":[-86.74462,34.01392]},"properties":{"ZCTA5CE20":35070,"lon":-86.744624,"lat":34.013924,"bw":-86.7509,"bs":34.0118,"be":-86.7377,"bn":34.017}},
{"type":"Feature","geometry":{"type":"Point","coordinates":[-70.34272,43.44404]},"properties":{"ZCTA5CE20":4006,"lon":-70.342722,"lat":43.444039,"bw":-70.3471,"bs":43.4403,"be":-70.3401,"bn":43.4459}},
{"type":"Feature","geometry":{"type":"Point","coordinates":[-87.46592,31.22132]},"properties":{"ZCTA5CE20":36543,"lon":-87.465918,"lat":31.221321,"bw":-87.4725,"bs":31.2186,"be":-87.4607,"bn":31.2239}},
{"type":"Feature","geometry":{"type":"Point","coordinates":[-122.58711,47.85464]},"properties":{"ZCTA5CE20":98364,"lon":-122.587115,"lat":47.854639,"bw":-122.589,"bs":47.8512,"be":-122.584,"bn":47.856}},
{"type":"Feature","geometry":{"type":"Point","coordinates":[-88.85565,40.1225]},"properties":{"ZCTA5CE20":61750,"lon":-88.85565,"lat":40.122504,"bw":-88.8596,"bs":40.1201,"be":-88.8525,"bn":40.1259}},
{"type":"Feature","geometry":{"type":"Point","coordinates":[-77.73179,43.25285]},"properties":{"ZCTA5CE20":14515,"lon":-77.731786,"lat":43.252847,"bw":-77.7336,"bs":43.2517,"be":-77.7297,"bn":43.2536}},
{"type":"Feature","geometry":{"type":"Point","coordinates":[-72.90994,41.86292]},"properties":{"ZCTA5CE20":6020,"lon":-72.909945,"lat":41.862918,"bw":-72.9135,"bs":41.8585,"be":-72.9053,"bn":41.8665}},
{"type":"Feature","geometry":{"type":"Point","coordinates":[-70.66111,41.84872]},"properties":{"ZCTA5CE20":2366,"lon":-70.66111,"lat":41.848724,"bw":-70.6642,"bs":41.8469,"be":-70.6586,"bn":41.851}},
{"type":"Feature","geometry":{"type":"Point","coordinates":[-121.53001,39.91019]},"properties":{"ZCTA5CE20":95978,"lon":-121.530013,"lat":39.910185,"bw":-121.5321,"bs":39.9049,"be":-121.5275,"bn":39.9113}},
{"type":"Feature","geometry":{"type":"Point","coordinates":[-80.14407,26.01385]},"properties":{"ZCTA5CE20":33022,"lon":-80.14407,"lat":26.013849,"bw":-80.1451,"bs":26.0134,"be":-80.1431,"bn":26.0143}},
{"type":"Feature","geometry":{"type":"Point","coordinates":[-110.94526,32.20439]},"properties":{"ZCTA5CE20":85726,"lon":-110.945265,"lat":32.204394,"bw":-110.9478,"bs":32.2022,"be":-110.9437,"bn":32.2057}},
{"type":"Feature","geometry":{"type":"Point","coordinates":[-76.84176,39.81735]},"properties":{"ZCTA5CE20":17311,"lon":-76.841757,"lat":39.817352,"bw":-76.8455,"bs":39.8148,"be":-76.8382,"bn":39.8192}},
{"type":"Feature","geometry":{"type":"Point","coordinates":[-88.55213,41.59853]},"properties":{"ZCTA5CE20":60536,"lon":-88.552128,"lat":41.598531,"bw":-88.5578,"bs":41.5957,"be":-88.5467,"bn":41.6028}},
{"type":"Feature","geometry":{"type":"Point","coordinates":[-73.87528,41.02652]},"properties":{"ZCTA5CE20":10503,"lon":-73.875283,"lat":41.026523,"bw":-73.8764,"bs":41.0256,"be":-73.8738,"bn":41.0277}},
{"type":"Feature","geometry":{"type":"Point","coordinates":[-91.78071,34.13505]},"properties":{"ZCTA5CE20":71659,"lon":-91.780712,"lat":34.135051,"bw":-91.7869,"bs":34.13,"be":-91.7747,"bn":34.1383}},
{"type":"Feature","geometry":{"type":"Point","coordinates":[-122.56014,46.93572]},"properties":{"ZCTA5CE20":98558,"lon":-122.560144,"lat":46.935719,"bw":-122.5642,"bs":46.9335,"be":-122.5556,"bn":46.9375}},
{"type":"Feature","geometry":{"type":"Point","coordinates":[-86.72379,40.66769]},"properties":{"ZCTA5CE20":47997,"lon":-86.723786,"lat":40.66769,"bw":-86.7284,"bs":40.6657,"be":-86.7191,"bn":40.6696}},
{"type":"Feature","geometry":{"type":"Point","coordinates":[-77.62508,43.12282]},"properties":{"ZCTA5CE20":14642,"lon":-77.625085,"lat":43.122817,"bw":-77.6295,"bs":43.1213,"be":-77.6214,"bn":43.1245}},
{"type":"Feature","geometry":{"type":"Point","coordinates":[-74.35716,41.54001]},"properties":{"ZCTA5CE20":10915,"lon":-74.357163,"lat":41.54001,"bw":-74.3619,"bs":41.5377,"be":-74.3516,"bn":41.5424}},
{"type":"Feature","geometry":{"type":"Point","coordinates":[-78.951,39.59136]},"properties":{"ZCTA5CE20":21542,"lon":-78.951003,"lat":39.591359,"bw":-78.9529,"bs":39.5885,"be":-78.9486,"bn":39.5929}},
{"type":"Feature","geometry":{"type":"Point","coordinates":[-75.94166,38.9168]},"properties":{"ZCTA5CE20":21641,"lon":-75.941658,"lat":38.916801,"bw":-75.949,"bs":38.9141,"be":-75.9366,"bn":38.9192}},
{"type":"Feature","geometry":{"type":"Point","coordinates":[-76.58335,40.27816]},"properties":{"ZCTA5CE20":17010,"lon":-76.583351,"lat":40.278158,"bw":-76.5863,"bs":40.2774,"be":-76.5796,"bn":40.2789}},
{"type":"Feature","geometry":{"type":"Point","coordinates":[-85.42952,39.74354]},"properties":{"ZCTA5CE20":46155,"lon":-85.429525,"lat":39.743535,"bw":-85.4311,"bs":39.7426,"be":-85.4275,"bn":39.7444}},
{"type":"Feature","geometry":{"type":"Point","coordinates":[-85.09953,33.57281]},"properties":{"ZCTA5CE20":30118,"lon":-85.099527,"lat":33.572813,"bw":-85.1043,"bs":33.5693,"be":-85.0938,"bn":33.5754}},
{"type":"Feature","geometry":{"type":"Point","coordinates":[-80.1433,39.54121]},"properties":{"ZCTA5CE20":26560,"lon":-80.143297,"lat":39.541205,"bw":-80.1502,"bs":39.5364,"be":-80.1391,"bn":39.5449}},
{"type":"Feature","geometry":{"type":"Point","coordinates":[-73.1396,44.80835]},"properties":{"ZCTA5CE20":5481,"lon":-73.139596,"lat":44.808354,"bw":-73.1405,"bs":44.8076,"be":-73.1387,"bn":44.8091}},
{"type":"Feature","geometry":{"type":"Point","coordinates":[-76.29352,42.55495]},"properties":{"ZCTA5CE20":13102,"lon":-76.293524,"lat":42.554949,"bw":-76.2967,"bs":42.5486,"be":-76.289,"bn":42.5562}},
{"type":"Feature","geometry":{"type":"Point","coordinates":[-72.65316,44.16718]},"properties":{"ZCTA5CE20":5664,"lon":-72.65316,"lat":44.167179,"bw":-72.6549,"bs":44.1658,"be":-72.6516,"bn":44.1687}},
{"type":"Feature","geometry":{"type":"Point","coordinates":[-75.68564,42.96715]},"properties":{"ZCTA5CE20":13134,"lon":-75.685637,"lat":42.967149,"bw":-75.6879,"bs":42.9649,"be":-75.6808,"bn":42.9704}},
{"type":"Feature","geometry":{"type":"Point","coordinates":[-72.25274,41.29467]},"properties":{"ZCTA5CE20":6376,"lon":-72.25274,"lat":41.294666,"bw":-72.2551,"bs":41.2926,"be":-72.2514,"bn":41.296}},
{"type":"Feature","geometry":{"type":"Point","coordinates":[-73.9795,40.75828]},"properties":{"ZCTA5CE20":10020,"lon":-73.979498,"lat":40.758276,"bw":-73.9837,"bs":40.7573,"be":-73.9777,"bn":40.7611}},
{"type":"Feature","geometry":{"type":"Point","coordinates":[-73.97766,40.76078]},"properties":{"ZCTA5CE20":10103,"lon":-73.977664,"lat":40.760778,"bw":-73.9795,"bs":40.7598,"be":-73.9758,"bn":40.7618}},
{"type":"Feature","geometry":{"type":"Point","coordinates":[-73.98226,40.7545]},"properties":{"ZCTA5CE20":10110,"lon":-73.982257,"lat":40.754499,"bw":-73.9841,"bs":40.7535,"be":-73.9804,"bn":40.7555}},
{"type":"Feature","geometry":{"type":"Point","coordinates":[-73.99273,40.75064]},"properties":{"ZCTA5CE20":10119,"lon":-73.992734,"lat":40.750644,"bw":-73.9948,"bs":40.7491,"be":-73.9906,"bn":40.7522}},
{"type":"Feature","geometry":{"type":"Point","coordinates":[-73.97249,40.75778]},"properties":{"ZCTA5CE20":10154,"lon":-73.972485,"lat":40.757779,"bw":-73.9735,"bs":40.7571,"be":-73.9715,"bn":40.7584}},
{"type":"Feature","geometry":{"type":"Point","coordinates":[-73.97644,40.7547]},"properties":{"ZCTA5CE20":10169,"lon":-73.976436,"lat":40.754697,"bw":-73.977,"bs":40.7543,"be":-73.9758,"bn":40.755}},
{"type":"Feature","geometry":{"type":"Point","coordinates":[-73.97501,40.75144]},"properties":{"ZCTA5CE20":10174,"lon":-73.975007,"lat":40.751444,"bw":-73.976,"bs":40.7508,"be":-73.974,"bn":40.7521}},
{"type":"Feature","geometry":{"type":"Point","coordinates":[-74.01486,40.71664]},"properties":{"ZCTA5CE20":10282,"lon":-74.014858,"lat":40.716638,"bw":-74.0174,"bs":40.7137,"be":-74.0123,"bn":40.7191}},
{"type":"Feature","geometry":{"type":"Point","coordinates":[-74.17954,40.60523]},"properties":{"ZCTA5CE20":10311,"lon":-74.179543,"lat":40.605233,"bw":-74.1825,"bs":40.6029,"be":-74.177,"bn":40.6079}},
{"type":"Feature","geometry":{"type":"Point","coordinates":[-76.01623,40.1981]},"properties":{"ZCTA5CE20":17507,"lon":-76.016227,"lat":40.198095,"bw":-76.0174,"bs":40.1968,"be":-76.0148,"bn":40.1995}},
{"type":"Feature","geometry":{"type":"Point","coordinates":[-76.58255,40.07531]},"properties":{"ZCTA5CE20":17550,"lon":-76.582554,"lat":40.075307,"bw":-76.5901,"bs":40.0707,"be":-76.5789,"bn":40.0795}},
{"type":"Feature","geometry":{"type":"Point","coordinates":[-71.64294,42.09904]},"properties":{"ZCTA5CE20":1525,"lon":-71.642942,"lat":42.099037,"bw":-71.6445,"bs":42.0977,"be":-71.6412,"bn":42.1004}},
{"type":"Feature","geometry":{"type":"Point","coordinates":[-71.68844,42.44581]},"properties":{"ZCTA5CE20":1561,"lon":-71.688445,"lat":42.445807,"bw":-71.6907,"bs":42.4439,"be":-71.686,"bn":42.4476}},
{"type":"Feature","geometry":{"type":"Point","coordinates":[-86.85279,33.51382]},"properties":{"ZCTA5CE20":35254,"lon":-86.852795,"lat":33.513817,"bw":-86.8575,"bs":33.5118,"be":-86.8492,"bn":33.5161}},
{"type":"Feature","geometry":{"type":"Point","coordinates":[-75.68349,44.03756]},"properties":{"ZCTA5CE20":13628,"lon":-75.683492,"lat":44.037556,"bw":-75.688,"bs":44.0326,"be":-75.6782,"bn":44.0428}},
{"type":"Feature","geometry":{"type":"Point","coordinates":[-75.71706,44.03192]},"properties":{"ZCTA5CE20":13643,"lon":-75.71706,"lat":44.031917,"bw":-75.7211,"bs":44.0291,"be":-75.7147,"bn":44.0351}},
{"type":"Feature","geometry":{"type":"Point","coordinates":[-70.98409,42.58577]},"properties":{"ZCTA5CE20":1937,"lon":-70.984092,"lat":42.585768,"bw":-70.9873,"bs":42.5838,"be":-70.9794,"bn":42.5881}},
{"type":"Feature","geometry":{"type":"Point","coordinates":[-71.05947,42.36144]},"properties":{"ZCTA5CE20":2203,"lon":-71.059466,"lat":42.361439,"bw":-71.0611,"bs":42.3606,"be":-71.0577,"bn":42.3624}},
{"type":"Feature","geometry":{"type":"Point","coordinates":[-84.86764,33.43071]},"properties":{"ZCTA5CE20":30275,"lon":-84.867636,"lat":33.430714,"bw":-84.87,"bs":33.4289,"be":-84.866,"bn":33.4324}},
{"type":"Feature","geometry":{"type":"Point","coordinates":[-80.2011,40.2931]},"properties":{"ZCTA5CE20":15350,"lon":-80.201097,"lat":40.2931,"bw":-80.2039,"bs":40.2907,"be":-80.1969,"bn":40.2975}},
{"type":"Feature","geometry":{"type":"Point","coordinates":[-73.95699,40.7463]},"properties":{"ZCTA5CE20":11109,"lon":-73.956988,"lat":40.7463,"bw":-73.9597,"bs":40.7439,"be":-73.9548,"bn":40.7488}},
{"type":"Feature","geometry":{"type":"Point","coordinates":[-80.2724,40.27607]},"properties":{"ZCTA5CE20":15378,"lon":-80.272397,"lat":40.276066,"bw":-80.2786,"bs":40.2745,"be":-80.2706,"bn":40.2814}},
{"type":"Feature","geometry":{"type":"Point","coordinates":[-76.04833,43.73875]},"properties":{"ZCTA5CE20":13674,"lon":-76.048328,"lat":43.738752,"bw":-76.059,"bs":43.735,"be":-76.0447,"bn":43.7396}},
{"type":"Feature","geometry":{"type":"Point","coordinates":[-76.60363,40.96831]},"properties":{"ZCTA5CE20":17822,"lon":-76.603626,"lat":40.968315,"bw":-76.6095,"bs":40.9662,"be":-76.596,"bn":40.9732}},
{"type":"Feature","geometry":{"type":"Point","coordinates":[-77.1978,40.88589]},"properties":{"ZCTA5CE20":17835,"lon":-77.197803,"lat":40.885886,"bw":-77.2004,"bs":40.8771,"be":-77.1957,"bn":40.888}},
{"type":"Feature","geometry":{"type":"Point","coordinates":[-85.96905,41.155]},"properties":{"ZCTA5CE20":46508,"lon":-85.969052,"lat":41.154995,"bw":-85.9803,"bs":41.1526,"be":-85.9663,"bn":41.1584}},
{"type":"Feature","geometry":{"type":"Point","coordinates":[-84.38835,33.74857]},"properties":{"ZCTA5CE20":30334,"lon":-84.388347,"lat":33.748565,"bw":-84.3909,"bs":33.7469,"be":-84.3852,"bn":33.7505}},
{"type":"Feature","geometry":{"type":"Point","coordinates":[-87.59929,34.09173]},"properties":{"ZCTA5CE20":35577,"lon":-87.599291,"lat":34.091726,"bw":-87.6023,"bs":34.087,"be":-87.5964,"bn":34.0961}},
{"type":"Feature","geometry":{"type":"Point","coordinates":[-75.57864,40.13234]},"properties":{"ZCTA5CE20":19442,"lon":-75.578636,"lat":40.132339,"bw":-75.5829,"bs":40.1301,"be":-75.5754,"bn":40.1344}},
{"type":"Feature","geometry":{"type":"Point","coordinates":[-75.40507,40.22427]},"properties":{"ZCTA5CE20":19474,"lon":-75.405074,"lat":40.224272,"bw":-75.4107,"bs":40.2207,"be":-75.3992,"bn":40.2286}},
{"type":"Feature","geometry":{"type":"Point","coordinates":[-79.28159,40.54029]},"properties":{"ZCTA5CE20":15752,"lon":-79.281594,"lat":40.540293,"bw":-79.2854,"bs":40.5388,"be":-79.2781,"bn":40.5436}},
{"type":"Feature","geometry":{"type":"Point","coordinates":[-78.93944,42.69762]},"properties":{"ZCTA5CE20":14112,"lon":-78.939436,"lat":42.697617,"bw":-78.942,"bs":42.6962,"be":-78.9376,"bn":42.701}},
{"type":"Feature","geometry":{"type":"Point","coordinates":[-75.63035,40.34068]},"properties":{"ZCTA5CE20":19545,"lon":-75.630353,"lat":40.340678,"bw":-75.6328,"bs":40.3383,"be":-75.6278,"bn":40.3432}},
{"type":"Feature","geometry":{"type":"Point","coordinates":[-84.63378,33.32334]},"properties":{"ZCTA5CE20":30289,"lon":-84.63378,"lat":33.323339,"bw":-84.6372,"bs":33.3203,"be":-84.6301,"bn":33.328}},
{"type":"Feature","geometry":{"type":"Point","coordinates":[-83.03979,42.32987]},"properties":{"ZCTA5CE20":48243,"lon":-83.03979,"lat":42.329873,"bw":-83.0413,"bs":42.3288,"be":-83.0375,"bn":42.3309}},
{"type":"Feature","geometry":{"type":"Point","coordinates":[-78.86875,40.359]},"properties":{"ZCTA5CE20":15945,"lon":-78.868749,"lat":40.359004,"bw":-78.8733,"bs":40.3559,"be":-78.8615,"bn":40.3628}},
{"type":"Feature","geometry":{"type":"Point","coordinates":[-79.04919,43.0939]},"properties":{"ZCTA5CE20":14302,"lon":-79.049193,"lat":43.093895,"bw":-79.0505,"bs":43.0931,"be":-79.0474,"bn":43.0948}},
{"type":"Feature","geometry":{"type":"Point","coordinates":[-75.62479,40.58427]},"properties":{"ZCTA5CE20":18195,"lon":-75.624792,"lat":40.58427,"bw":-75.6265,"bs":40.5835,"be":-75.6232,"bn":40.585}},
{"type":"Feature","geometry":{"type":"Point","coordinates":[-76.00467,40.90074]},"properties":{"ZCTA5CE20":18231,"lon":-76.004667,"lat":40.900742,"bw":-76.0089,"bs":40.8984,"be":-75.9999,"bn":40.9038}},
{"type":"Feature","geometry":{"type":"Point","coordinates":[-85.66475,38.25615]},"properties":{"ZCTA5CE20":40041,"lon":-85.664747,"lat":38.256153,"bw":-85.6695,"bs":38.2533,"be":-85.6594,"bn":38.2597}},
{"type":"Feature","geometry":{"type":"Point","coordinates":[-85.34338,37.57036]},"properties":{"ZCTA5CE20":40063,"lon":-85.343384,"lat":37.570359,"bw":-85.3462,"bs":37.5678,"be":-85.3403,"bn":37.5727}},
{"type":"Feature","geometry":{"type":"Point","coordinates":[-93.24651,42.63462]},"properties":{"ZCTA5CE20":50041,"lon":-93.246506,"lat":42.634624,"bw":-93.2529,"bs":42.6296,"be":-93.2431,"bn":42.637}},
{"type":"Feature","geometry":{"type":"Point","coordinates":[-81.32013,37.3032]},"properties":{"ZCTA5CE20":24738,"lon":-81.32013,"lat":37.3032,"bw":-81.3254,"bs":37.2995,"be":-81.3148,"bn":37.3069}},
{"type":"Feature","geometry":{"type":"Point","coordinates":[-75.65069,39.55588]},"properties":{"ZCTA5CE20":19733,"lon":-75.650694,"lat":39.55588,"bw":-75.6541,"bs":39.5536,"be":-75.6485,"bn":39.5646}},
{"type":"Feature","geometry":{"type":"Point","coordinates":[-76.99923,38.93638]},"properties":{"ZCTA5CE20":20064,"lon":-76.999235,"lat":38.936377,"bw":-77.003,"bs":38.9312,"be":-76.9948,"bn":38.9407}},
{"type":"Feature","geometry":{"type":"Point","coordinates":[-77.04427,38.89322]},"properties":{"ZCTA5CE20":20245,"lon":-77.044267,"lat":38.893216,"bw":-77.0467,"bs":38.8921,"be":-77.0435,"bn":38.8953}},
{"type":"Feature","geometry":{"type":"Point","coordinates":[-76.99353,38.879]},"properties":{"ZCTA5CE20":20390,"lon":-76.993525,"lat":38.879003,"bw":-76.995,"bs":38.8786,"be":-76.9926,"bn":38.8793}},
{"type":"Feature","geometry":{"type":"Point","coordinates":[-72.58186,40.94292]},"properties":{"ZCTA5CE20":11947,"lon":-72.581861,"lat":40.94292,"bw":-72.5848,"bs":40.9412,"be":-72.5793,"bn":40.9445}},
{"type":"Feature","geometry":{"type":"Point","coordinates":[-79.52354,40.78089]},"properties":{"ZCTA5CE20":16236,"lon":-79.523538,"lat":40.780894,"bw":-79.5285,"bs":40.7782,"be":-79.5195,"bn":40.7856}},
{"type":"Feature","geometry":{"type":"Point","coordinates":[-79.3033,41.93217]},"properties":{"ZCTA5CE20":16312,"lon":-79.303304,"lat":41.932172,"bw":-79.3051,"bs":41.9307,"be":-79.3009,"bn":41.9341}},
{"type":"Feature","geometry":{"type":"Point","coordinates":[-77.8752,42.83418]},"properties":{"ZCTA5CE20":14539,"lon":-77.875205,"lat":42.83418,"bw":-77.882,"bs":42.8301,"be":-77.8689,"bn":42.8372}},
{"type":"Feature","geometry":{"type":"Point","coordinates":[-76.87596,43.15304]},"properties":{"ZCTA5CE20":14542,"lon":-76.875957,"lat":43.153038,"bw":-76.8784,"bs":43.1512,"be":-76.8739,"bn":43.1555}},
{"type":"Feature","geometry":{"type":"Point","coordinates":[-85.94743,40.28403]},"properties":{"ZCTA5CE20":46047,"lon":-85.947432,"lat":40.284034,"bw":-85.9485,"bs":40.2834,"be":-85.946,"bn":40.2852}},
{"type":"Feature","geometry":{"type":"Point","coordinates":[-73.84588,42.53355]},"properties":{"ZCTA5CE20":12161,"lon":-73.845876,"lat":42.533549,"bw":-73.8508,"bs":42.5318,"be":-73.8398,"bn":42.5359}},
{"type":"Feature","geometry":{"type":"Point","coordinates":[-79.10732,42.21868]},"properties":{"ZCTA5CE20":14732,"lon":-79.107323,"lat":42.218677,"bw":-79.1094,"bs":42.2166,"be":-79.1014,"bn":42.2231}},
{"type":"Feature","geometry":{"type":"Point","coordinates":[-79.30957,42.11875]},"properties":{"ZCTA5CE20":14742,"lon":-79.309566,"lat":42.118754,"bw":-79.3122,"bs":42.1156,"be":-79.3035,"bn":42.1231}},
{"type":"Feature","geometry":{"type":"Point","coordinates":[-86.28135,39.6542]},"properties":{"ZCTA5CE20":46183,"lon":-86.281353,"lat":39.654199,"bw":-86.284,"bs":39.6509,"be":-86.2787,"bn":39.6563}},
{"type":"Feature","geometry":{"type":"Point","coordinates":[-77.21533,39.14301]},"properties":{"ZCTA5CE20":20899,"lon":-77.215333,"lat":39.143006,"bw":-77.2201,"bs":39.1405,"be":-77.2126,"bn":39.1488}},
{"type":"Feature","geometry":{"type":"Point","coordinates":[-80.05369,42.10391]},"properties":{"ZCTA5CE20":16546,"lon":-80.053693,"lat":42.103908,"bw":-80.0566,"bs":42.1003,"be":-80.05,"bn":42.1075}},
{"type":"Feature","geometry":{"type":"Point","coordinates":[-77.11335,42.47003]},"properties":{"ZCTA5CE20":14893,"lon":-77.113353,"lat":42.47003,"bw":-77.1169,"bs":42.4659,"be":-77.1066,"bn":42.4736}},
{"type":"Feature","geometry":{"type":"Point","coordinates":[-87.12445,33.22225]},"properties":{"ZCTA5CE20":35074,"lon":-87.124451,"lat":33.222247,"bw":-87.1274,"bs":33.2204,"be":-87.1215,"bn":33.2245}},
{"type":"Feature","geometry":{"type":"Point","coordinates":[-84.20594,33.79032]},"properties":{"ZCTA5CE20":30072,"lon":-84.205943,"lat":33.79032,"bw":-84.2085,"bs":33.7863,"be":-84.2026,"bn":33.7954}},
{"type":"Feature","geometry":{"type":"Point","coordinates":[-86.64186,39.52213]},"properties":{"ZCTA5CE20":46125,"lon":-86.641865,"lat":39.522127,"bw":-86.643,"bs":39.5201,"be":-86.6403,"bn":39.5232}},
{"type":"Feature","geometry":{"type":"Point","coordinates":[-92.9573,45.05382]},"properties":{"ZCTA5CE20":55090,"lon":-92.9573,"lat":45.053821,"bw":-92.96,"bs":45.0503,"be":-92.9548,"bn":45.0576}},
{"type":"Feature","geometry":{"type":"Point","coordinates":[-74.4788,40.87221]},"properties":{"ZCTA5CE20":7878,"lon":-74.478804,"lat":40.872208,"bw":-74.4814,"bs":40.8675,"be":-74.4743,"bn":40.8747}},
{"type":"Feature","geometry":{"type":"Point","coordinates":[-74.43532,40.78131]},"properties":{"ZCTA5CE20":7961,"lon":-74.435318,"lat":40.781309,"bw":-74.4407,"bs":40.7766,"be":-74.4294,"bn":40.785}},
{"type":"Feature","geometry":{"type":"Point","coordinates":[-117.40242,47.66636]},"properties":{"ZCTA5CE20":99258,"lon":-117.40242,"lat":47.666355,"bw":-117.4096,"bs":47.6618,"be":-117.3979,"bn":47.6695}},
{"type":"Feature","geometry":{"type":"Point","coordinates":[-78.79065,43.00165]},"properties":{"ZCTA5CE20":14260,"lon":-78.790655,"lat":43.00165,"bw":-78.7965,"bs":42.998,"be":-78.7855,"bn":43.0053}},
{"type":"Feature","geometry":{"type":"Point","coordinates":[-76.4452,42.97719]},"properties":{"ZCTA5CE20":13119,"lon":-76.445198,"lat":42.97719,"bw":-76.4474,"bs":42.9733,"be":-76.4422,"bn":42.9803}},
{"type":"Feature","geometry":{"type":"Point","coordinates":[-97.17628,33.64542]},"properties":{"ZCTA5CE20":76241,"lon":-97.176278,"lat":33.645415,"bw":-97.1808,"bs":33.641,"be":-97.1717,"bn":33.6499}},
{"type":"Feature","geometry":{"type":"Point","coordinates":[-94.71831,32.01024]},"properties":{"ZCTA5CE20":75680,"lon":-94.718315,"lat":32.010236,"bw":-94.7224,"bs":32.0061,"be":-94.7139,"bn":32.0134}},
{"type":"Feature","geometry":{"type":"Point","coordinates":[-157.86256,21.30393]},"properties":{"ZCTA5CE20":96850,"lon":-157.862562,"lat":21.303934,"bw":-157.8637,"bs":21.3021,"be":-157.8612,"bn":21.3056}},
{"type":"Feature","geometry":{"type":"Point","coordinates":[-84.64107,37.94314]},"properties":{"ZCTA5CE20":40339,"lon":-84.641075,"lat":37.943135,"bw":-84.6453,"bs":37.9411,"be":-84.6369,"bn":37.9451}},
{"type":"Feature","geometry":{"type":"Point","coordinates":[-96.98137,42.68965]},"properties":{"ZCTA5CE20":68751,"lon":-96.981373,"lat":42.689646,"bw":-96.9867,"bs":42.6875,"be":-96.9764,"bn":42.6954}},
{"type":"Feature","geometry":{"type":"Point","coordinates":[-96.20741,41.3976]},"properties":{"ZCTA5CE20":68068,"lon":-96.207413,"lat":41.397598,"bw":-96.2135,"bs":41.3948,"be":-96.2003,"bn":41.4004}},
{"type":"Feature","geometry":{"type":"Point","coordinates":[-92.32056,38.95156]},"properties":{"ZCTA5CE20":65215,"lon":-92.320561,"lat":38.951564,"bw":-92.3219,"bs":38.949,"be":-92.3184,"bn":38.9539}},
{"type":"Feature","geometry":{"type":"Point","coordinates":[-96.50471,41.61006]},"properties":{"ZCTA5CE20":68072,"lon":-96.504714,"lat":41.610063,"bw":-96.5074,"bs":41.6059,"be":-96.5022,"bn":41.6141}},
{"type":"Feature","geometry":{"type":"Point","coordinates":[-81.14858,40.98456]},"properties":{"ZCTA5CE20":44640,"lon":-81.148582,"lat":40.984557,"bw":-81.1533,"bs":40.9798,"be":-81.1438,"bn":40.9882}},
{"type":"Feature","geometry":{"type":"Point","coordinates":[-83.78531,39.55366]},"properties":{"ZCTA5CE20":45164,"lon":-83.785315,"lat":39.553659,"bw":-83.79,"bs":39.5491,"be":-83.7804,"bn":39.5575}},
{"type":"Feature","geometry":{"type":"Point","coordinates":[-89.99353,38.3054]},"properties":{"ZCTA5CE20":62248,"lon":-89.99353,"lat":38.3054,"bw":-89.9989,"bs":38.3019,"be":-89.9845,"bn":38.3085}},
{"type":"Feature","geometry":{"type":"Point","coordinates":[-88.51977,44.0755]},"properties":{"ZCTA5CE20":54985,"lon":-88.519768,"lat":44.075497,"bw":-88.5256,"bs":44.0732,"be":-88.516,"bn":44.0784}},
{"type":"Feature","geometry":{"type":"Point","coordinates":[-89.93743,35.11843]},"properties":{"ZCTA5CE20":38152,"lon":-89.937426,"lat":35.118434,"bw":-89.9408,"bs":35.1165,"be":-89.9338,"bn":35.1206}},
{"type":"Feature","geometry":{"type":"Point","coordinates":[-81.70243,40.69497]},"properties":{"ZCTA5CE20":44659,"lon":-81.702426,"lat":40.694972,"bw":-81.7071,"bs":40.6904,"be":-81.697,"bn":40.698}},
{"type":"Feature","geometry":{"type":"Point","coordinates":[-79.94102,37.27045]},"properties":{"ZCTA5CE20":24011,"lon":-79.941019,"lat":37.270454,"bw":-79.945,"bs":37.2668,"be":-79.9368,"bn":37.2734}},
{"type":"Feature","geometry":{"type":"Point","coordinates":[-97.12755,38.05404]},"properties":{"ZCTA5CE20":67041,"lon":-97.127555,"lat":38.054038,"bw":-97.1299,"bs":38.0497,"be":-97.1253,"bn":38.0582}},
{"type":"Feature","geometry":{"type":"Point","coordinates":[-96.02422,40.59726]},"properties":{"ZCTA5CE20":68382,"lon":-96.024223,"lat":40.597264,"bw":-96.0267,"bs":40.5956,"be":-96.0223,"bn":40.5992}},
{"type":"Feature","geometry":{"type":"Point","coordinates":[-83.61623,38.88502]},"properties":{"ZCTA5CE20":45618,"lon":-83.616233,"lat":38.88502,"bw":-83.6179,"bs":38.8829,"be":-83.6147,"bn":38.8865}},
{"type":"Feature","geometry":{"type":"Point","coordinates":[-83.05343,39.04646]},"properties":{"ZCTA5CE20":45642,"lon":-83.053431,"lat":39.046462,"bw":-83.0592,"bs":39.0441,"be":-83.0515,"bn":39.0508}},
{"type":"Feature","geometry":{"type":"Point","coordinates":[-78.39635,37.29892]},"properties":{"ZCTA5CE20":23909,"lon":-78.396352,"lat":37.298918,"bw":-78.3993,"bs":37.2953,"be":-78.3939,"bn":37.3016}},
{"type":"Feature","geometry":{"type":"Point","coordinates":[-96.57285,40.04907]},"properties":{"ZCTA5CE20":68309,"lon":-96.572853,"lat":40.049068,"bw":-96.5786,"bs":40.0461,"be":-96.5676,"bn":40.052}},
{"type":"Feature","geometry":{"type":"Point","coordinates":[-84.02306,39.71105]},"properties":{"ZCTA5CE20":45301,"lon":-84.023059,"lat":39.71105,"bw":-84.028,"bs":39.7082,"be":-84.018,"bn":39.7139}},
{"type":"Feature","geometry":{"type":"Point","coordinates":[-83.72354,39.58033]},"properties":{"ZCTA5CE20":45307,"lon":-83.723544,"lat":39.580327,"bw":-83.7266,"bs":39.5755,"be":-83.718,"bn":39.5852}},
{"type":"Feature","geometry":{"type":"Point","coordinates":[-97.20369,37.78325]},"properties":{"ZCTA5CE20":67055,"lon":-97.203692,"lat":37.78325,"bw":-97.2083,"bs":37.7813,"be":-97.199,"bn":37.7851}},
{"type":"Feature","geometry":{"type":"Point","coordinates":[-82.49298,35.03017]},"properties":{"ZCTA5CE20":29683,"lon":-82.492982,"lat":35.030172,"bw":-82.4967,"bs":35.0258,"be":-82.4884,"bn":35.0338}},
{"type":"Feature","geometry":{"type":"Point","coordinates":[-83.44474,41.69319]},"properties":{"ZCTA5CE20":43434,"lon":-83.44474,"lat":41.69319,"bw":-83.4455,"bs":41.6907,"be":-83.444,"bn":41.6956}},
{"type":"Feature","geometry":{"type":"Point","coordinates":[-83.04274,41.51758]},"properties":{"ZCTA5CE20":43439,"lon":-83.042745,"lat":41.517584,"bw":-83.0436,"bs":41.5158,"be":-83.0418,"bn":41.5193}},
{"type":"Feature","geometry":{"type":"Point","coordinates":[-100.78106,46.82036]},"properties":{"ZCTA5CE20":58505,"lon":-100.781062,"lat":46.820357,"bw":-100.7859,"bs":46.8166,"be":-100.7744,"bn":46.8236}},
{"type":"Feature","geometry":{"type":"Point","coordinates":[-87.97666,43.02221]},"properties":{"ZCTA5CE20":53295,"lon":-87.976657,"lat":43.022214,"bw":-87.9825,"bs":43.0184,"be":-87.9699,"bn":43.0254}},
{"type":"Feature","geometry":{"type":"Point","coordinates":[-84.02532,40.05639]},"properties":{"ZCTA5CE20":45389,"lon":-84.025317,"lat":40.056388,"bw":-84.0303,"bs":40.0522,"be":-84.0208,"bn":40.0609}},
{"type":"Feature","geometry":{"type":"Point","coordinates":[-81.67171,41.48988]},"properties":{"ZCTA5CE20":44101,"lon":-81.671708,"lat":41.489883,"bw":-81.6783,"bs":41.4871,"be":-81.666,"bn":41.4923}},
{"type":"Feature","geometry":{"type":"Point","coordinates":[-84.73089,41.52433]},"properties":{"ZCTA5CE20":43505,"lon":-84.730886,"lat":41.52433,"bw":-84.7332,"bs":41.5205,"be":-84.7282,"bn":41.5277}},
{"type":"Feature","geometry":{"type":"Point","coordinates":[-84.8271,45.42336]},"properties":{"ZCTA5CE20":49764,"lon":-84.827099,"lat":45.423356,"bw":-84.8318,"bs":45.422,"be":-84.8254,"bn":45.4246}},
{"type":"Feature","geometry":{"type":"Point","coordinates":[-95.70237,39.03313]},"properties":{"ZCTA5CE20":66621,"lon":-95.702366,"lat":39.03313,"bw":-95.7062,"bs":39.0297,"be":-95.6981,"bn":39.037}},
{"type":"Feature","geometry":{"type":"Point","coordinates":[-91.20383,44.42438]},"properties":{"ZCTA5CE20":54760,"lon":-91.203834,"lat":44.424377,"bw":-91.2133,"bs":44.4208,"be":-91.1999,"bn":44.4269}},
{"type":"Feature","geometry":{"type":"Point","coordinates":[-82.94152,40.95435]},"properties":{"ZCTA5CE20":44825,"lon":-82.941516,"lat":40.95435,"bw":-82.9453,"bs":40.9503,"be":-82.9385,"bn":40.9576}},
{"type":"Feature","geometry":{"type":"Point","coordinates":[-82.8593,41.23343]},"properties":{"ZCTA5CE20":44828,"lon":-82.859304,"lat":41.23343,"bw":-82.8646,"bs":41.2298,"be":-82.8568,"bn":41.2407}},
{"type":"Feature","geometry":{"type":"Point","coordinates":[-84.5736,40.32472]},"properties":{"ZCTA5CE20":45350,"lon":-84.573597,"lat":40.324723,"bw":-84.5764,"bs":40.3197,"be":-84.571,"bn":40.3309}},
{"type":"Feature","geometry":{"type":"Point","coordinates":[-80.8431,35.2246]},"properties":{"ZCTA5CE20":28244,"lon":-80.843095,"lat":35.224602,"bw":-80.8442,"bs":35.2237,"be":-80.842,"bn":35.2255}},
{"type":"Feature","geometry":{"type":"Point","coordinates":[-80.84309,35.22633]},"properties":{"ZCTA5CE20":28280,"lon":-80.843086,"lat":35.22633,"bw":-80.8442,"bs":35.2255,"be":-80.842,"bn":35.2272}},
{"type":"Feature","geometry":{"type":"Point","coordinates":[-89.43976,36.16402]},"properties":{"ZCTA5CE20":38007,"lon":-89.439765,"lat":36.164017,"bw":-89.4413,"bs":36.1622,"be":-89.4347,"bn":36.1685}},
{"type":"Feature","geometry":{"type":"Point","coordinates":[-85.50537,36.173]},"properties":{"ZCTA5CE20":38505,"lon":-85.505371,"lat":36.172996,"bw":-85.5081,"bs":36.1716,"be":-85.5027,"bn":36.1749}},
{"type":"Feature","geometry":{"type":"Point","coordinates":[-82.85597,40.7939]},"properties":{"ZCTA5CE20":44856,"lon":-82.855972,"lat":40.793903,"bw":-82.8583,"bs":40.7922,"be":-82.8546,"bn":40.7958}},
{"type":"Feature","geometry":{"type":"Point","coordinates":[-90.16445,39.15463]},"properties":{"ZCTA5CE20":62030,"lon":-90.164449,"lat":39.154625,"bw":-90.167,"bs":39.1508,"be":-90.1616,"bn":39.1578}},
{"type":"Feature","geometry":{"type":"Point","coordinates":[-82.14063,39.85541]},"properties":{"ZCTA5CE20":43738,"lon":-82.140632,"lat":39.855406,"bw":-82.146,"bs":39.8544,"be":-82.1352,"bn":39.8565}},
{"type":"Feature","geometry":{"type":"Point","coordinates":[-85.86066,35.53941]},"properties":{"ZCTA5CE20":37394,"lon":-85.86066,"lat":35.539408,"bw":-85.8651,"bs":35.5357,"be":-85.856,"bn":35.5417}},
{"type":"Feature","geometry":{"type":"Point","coordinates":[-93.9066,36.7489]},"properties":{"ZCTA5CE20":65623,"lon":-93.906597,"lat":36.748898,"bw":-93.9085,"bs":36.7478,"be":-93.9052,"bn":36.7499}},
{"type":"Feature","geometry":{"type":"Point","coordinates":[-101.30129,48.24707]},"properties":{"ZCTA5CE20":58707,"lon":-101.301294,"lat":48.247074,"bw":-101.3049,"bs":48.2451,"be":-101.296,"bn":48.253}},
{"type":"Feature","geometry":{"type":"Point","coordinates":[-89.82406,35.24266]},"properties":{"ZCTA5CE20":38029,"lon":-89.824058,"lat":35.242663,"bw":-89.8261,"bs":35.2365,"be":-89.819,"bn":35.2469}},
{"type":"Feature","geometry":{"type":"Point","coordinates":[-82.87687,40.8703]},"properties":{"ZCTA5CE20":44881,"lon":-82.876872,"lat":40.870296,"bw":-82.8809,"bs":40.8688,"be":-82.873,"bn":40.8725}},
{"type":"Feature","geometry":{"type":"Point","coordinates":[-81.47057,35.71864]},"properties":{"ZCTA5CE20":28666,"lon":-81.470566,"lat":35.718636,"bw":-81.4734,"bs":35.7155,"be":-81.4673,"bn":35.7215}},
{"type":"Feature","geometry":{"type":"Point","coordinates":[-103.87252,44.49812]},"properties":{"ZCTA5CE20":57799,"lon":-103.872519,"lat":44.498118,"bw":-103.8764,"bs":44.4933,"be":-103.8688,"bn":44.5031}},
{"type":"Feature","geometry":{"type":"Point","coordinates":[-89.47439,36.32854]},"properties":{"ZCTA5CE20":38077,"lon":-89.47439,"lat":36.328535,"bw":-89.4758,"bs":36.3272,"be":-89.4731,"bn":36.3297}},
{"type":"Feature","geometry":{"type":"Point","coordinates":[-81.79393,35.28392]},"properties":{"ZCTA5CE20":28019,"lon":-81.793933,"lat":35.283917,"bw":-81.7968,"bs":35.281,"be":-81.7901,"bn":35.2859}},
{"type":"Feature","geometry":{"type":"Point","coordinates":[-81.42938,27.85613]},"properties":{"ZCTA5CE20":33856,"lon":-81.429381,"lat":27.856128,"bw":-81.4319,"bs":27.8531,"be":-81.4241,"bn":27.8597}},
{"type":"Feature","geometry":{"type":"Point","coordinates":[-87.05524,39.98343]},"properties":{"ZCTA5CE20":47916,"lon":-87.055239,"lat":39.98343,"bw":-87.0578,"bs":39.9817,"be":-87.0526,"bn":39.9851}},
{"type":"Feature","geometry":{"type":"Point","coordinates":[-90.21022,32.29762]},"properties":{"ZCTA5CE20":39217,"lon":-90.210219,"lat":32.297616,"bw":-90.2147,"bs":32.2953,"be":-90.2034,"bn":32.3009}},
{"type":"Feature","geometry":{"type":"Point","coordinates":[-82.0298,33.3668]},"properties":{"ZCTA5CE20":30812,"lon":-82.029798,"lat":33.366803,"bw":-82.0318,"bs":33.3634,"be":-82.0259,"bn":33.3717}},
{"type":"Feature","geometry":{"type":"Point","coordinates":[-96.36672,43.90889]},"properties":{"ZCTA5CE20":56140,"lon":-96.366722,"lat":43.908887,"bw":-96.3711,"bs":43.9058,"be":-96.365,"bn":43.9145}},
{"type":"Feature","geometry":{"type":"Point","coordinates":[-83.6219,39.99964]},"properties":{"ZCTA5CE20":43010,"lon":-83.621897,"lat":39.999644,"bw":-83.6269,"bs":39.9941,"be":-83.617,"bn":40.004}},
{"type":"Feature","geometry":{"type":"Point","coordinates":[-89.50149,40.88097]},"properties":{"ZCTA5CE20":61562,"lon":-89.501488,"lat":40.880965,"bw":-89.5036,"bs":40.8786,"be":-89.4994,"bn":40.8835}},
{"type":"Feature","geometry":{"type":"Point","coordinates":[-88.18471,37.15867]},"properties":{"ZCTA5CE20":42037,"lon":-88.184709,"lat":37.158668,"bw":-88.1867,"bs":37.1551,"be":-88.1814,"bn":37.1604}},
{"type":"Feature","geometry":{"type":"Point","coordinates":[-82.95812,40.32836]},"properties":{"ZCTA5CE20":43032,"lon":-82.958115,"lat":40.328364,"bw":-82.9591,"bs":40.3262,"be":-82.9571,"bn":40.3309}},
{"type":"Feature","geometry":{"type":"Point","coordinates":[-85.86907,39.28267]},"properties":{"ZCTA5CE20":47226,"lon":-85.869067,"lat":39.282665,"bw":-85.872,"bs":39.2805,"be":-85.8661,"bn":39.2848}},
{"type":"Feature","geometry":{"type":"Point","coordinates":[-90.3638,38.36653]},"properties":{"ZCTA5CE20":63053,"lon":-90.363798,"lat":38.366528,"bw":-90.3658,"bs":38.3645,"be":-90.3624,"bn":38.368}},
{"type":"Feature","geometry":{"type":"Point","coordinates":[-85.88774,39.05982]},"properties":{"ZCTA5CE20":47247,"lon":-85.887744,"lat":39.059821,"bw":-85.8927,"bs":39.0568,"be":-85.8832,"bn":39.0641}},
{"type":"Feature","geometry":{"type":"Point","coordinates":[-87.39172,38.25312]},"properties":{"ZCTA5CE20":47654,"lon":-87.391717,"lat":38.253116,"bw":-87.3931,"bs":38.2524,"be":-87.3865,"bn":38.2561}},
{"type":"Feature","geometry":{"type":"Point","coordinates":[-96.60745,46.27419]},"properties":{"ZCTA5CE20":58076,"lon":-96.607452,"lat":46.274194,"bw":-96.6097,"bs":46.2715,"be":-96.6052,"bn":46.2768}},
{"type":"Feature","geometry":{"type":"Point","coordinates":[-88.24252,41.77727]},"properties":{"ZCTA5CE20":60519,"lon":-88.242524,"lat":41.777268,"bw":-88.2446,"bs":41.7749,"be":-88.2408,"bn":41.7794}},
{"type":"Feature","geometry":{"type":"Point","coordinates":[-85.32776,39.30867]},"properties":{"ZCTA5CE20":47263,"lon":-85.327761,"lat":39.308666,"bw":-85.3353,"bs":39.3068,"be":-85.3223,"bn":39.3102}},
{"type":"Feature","geometry":{"type":"Point","coordinates":[-87.37686,38.27559]},"properties":{"ZCTA5CE20":47683,"lon":-87.376865,"lat":38.275592,"bw":-87.3807,"bs":38.2744,"be":-87.3732,"bn":38.2816}},
{"type":"Feature","geometry":{"type":"Point","coordinates":[-89.3958,41.4351]},"properties":{"ZCTA5CE20":61323,"lon":-89.3958,"lat":41.435103,"bw":-89.3999,"bs":41.4325,"be":-89.3921,"bn":41.44}},
{"type":"Feature","geometry":{"type":"Point","coordinates":[-89.41358,41.76997]},"properties":{"ZCTA5CE20":61324,"lon":-89.413583,"lat":41.76997,"bw":-89.4194,"bs":41.7674,"be":-89.4048,"bn":41.7727}},
{"type":"Feature","geometry":{"type":"Point","coordinates":[-82.11386,34.86049]},"properties":{"ZCTA5CE20":29375,"lon":-82.113862,"lat":34.860486,"bw":-82.1178,"bs":34.8578,"be":-82.1098,"bn":34.8634}},
{"type":"Feature","geometry":{"type":"Point","coordinates":[-83.41958,40.81297]},"properties":{"ZCTA5CE20":43330,"lon":-83.419576,"lat":40.812973,"bw":-83.4212,"bs":40.8085,"be":-83.4165,"bn":40.8177}},
{"type":"Feature","geometry":{"type":"Point","coordinates":[-85.27261,41.53155]},"properties":{"ZCTA5CE20":46786,"lon":-85.272608,"lat":41.531551,"bw":-85.2745,"bs":41.53,"be":-85.2704,"bn":41.5332}},
{"type":"Feature","geometry":{"type":"Point","coordinates":[-85.61023,38.98527]},"properties":{"ZCTA5CE20":47282,"lon":-85.610228,"lat":38.985274,"bw":-85.6148,"bs":38.9811,"be":-85.6041,"bn":38.9895}},
{"type":"Feature","geometry":{"type":"Point","coordinates":[-86.20766,42.76959]},"properties":{"ZCTA5CE20":49434,"lon":-86.20766,"lat":42.769587,"bw":-86.2122,"bs":42.7662,"be":-86.2035,"bn":42.773}},
{"type":"Feature","geometry":{"type":"Point","coordinates":[-85.4369,39.80303]},"properties":{"ZCTA5CE20":47337,"lon":-85.436899,"lat":39.803033,"bw":-85.4436,"bs":39.8003,"be":-85.4317,"bn":39.805}},
{"type":"Feature","geometry":{"type":"Point","coordinates":[-90.02607,36.32963]},"properties":{"ZCTA5CE20":63880,"lon":-90.026075,"lat":36.329628,"bw":-90.028,"bs":36.3279,"be":-90.022,"bn":36.3333}},
{"type":"Feature","geometry":{"type":"Point","coordinates":[-85.44957,41.91776]},"properties":{"ZCTA5CE20":49075,"lon":-85.449568,"lat":41.917759,"bw":-85.4509,"bs":41.9141,"be":-85.4443,"bn":41.9204}},
{"type":"Feature","geometry":{"type":"Point","coordinates":[-85.46408,39.87844]},"properties":{"ZCTA5CE20":47344,"lon":-85.46408,"lat":39.878439,"bw":-85.4669,"bs":39.8753,"be":-85.4611,"bn":39.8821}},
{"type":"Feature","geometry":{"type":"Point","coordinates":[-94.94716,45.56287]},"properties":{"ZCTA5CE20":56325,"lon":-94.947158,"lat":45.562874,"bw":-94.9523,"bs":45.5586,"be":-94.9418,"bn":45.5676}},
{"type":"Feature","geometry":{"type":"Point","coordinates":[-92.5306,41.0855]},"properties":{"ZCTA5CE20":52548,"lon":-92.530596,"lat":41.085497,"bw":-92.5348,"bs":41.0824,"be":-92.5252,"bn":41.0897}},
{"type":"Feature","geometry":{"type":"Point","coordinates":[-80.85013,33.49797]},"properties":{"ZCTA5CE20":29117,"lon":-80.850133,"lat":33.497975,"bw":-80.8555,"bs":33.4951,"be":-80.8456,"bn":33.5024}},
{"type":"Feature","geometry":{"type":"Point","coordinates":[-87.40986,39.47136]},"properties":{"ZCTA5CE20":47809,"lon":-87.40986,"lat":39.471357,"bw":-87.4127,"bs":39.4675,"be":-87.407,"bn":39.4753}},
{"type":"Feature","geometry":{"type":"Point","coordinates":[-83.47661,39.73317]},"properties":{"ZCTA5CE20":43151,"lon":-83.476614,"lat":39.733171,"bw":-83.4818,"bs":39.7296,"be":-83.4701,"bn":39.7369}},
{"type":"Feature","geometry":{"type":"Point","coordinates":[-90.03471,40.49119]},"properties":{"ZCTA5CE20":61524,"lon":-90.034708,"lat":40.49119,"bw":-90.0394,"bs":40.4874,"be":-90.0297,"bn":40.4952}},
{"type":"Feature","geometry":{"type":"Point","coordinates":[-87.63056,41.88313]},"properties":{"ZCTA5CE20":60602,"lon":-87.630557,"lat":41.883127,"bw":-87.6339,"bs":41.8807,"be":-87.6245,"bn":41.8845}},
{"type":"Feature","geometry":{"type":"Point","coordinates":[-93.53019,43.61476]},"properties":{"ZCTA5CE20":56020,"lon":-93.530186,"lat":43.614762,"bw":-93.5325,"bs":43.6117,"be":-93.5284,"bn":43.6171}},
{"type":"Feature","geometry":{"type":"Point","coordinates":[-87.9194,43.64088]},"properties":{"ZCTA5CE20":53031,"lon":-87.919401,"lat":43.640878,"bw":-87.9208,"bs":43.6383,"be":-87.9148,"bn":43.6426}},
{"type":"Feature","geometry":{"type":"Point","coordinates":[-81.02714,33.99752]},"properties":{"ZCTA5CE20":29208,"lon":-81.027139,"lat":33.997516,"bw":-81.0307,"bs":33.9937,"be":-81.0231,"bn":34.0012}},
{"type":"Feature","geometry":{"type":"Point","coordinates":[-87.32337,37.6935]},"properties":{"ZCTA5CE20":42356,"lon":-87.323369,"lat":37.693497,"bw":-87.3255,"bs":37.6919,"be":-87.3192,"bn":37.695}},
{"type":"Feature","geometry":{"type":"Point","coordinates":[-83.64938,32.82879]},"properties":{"ZCTA5CE20":31207,"lon":-83.649378,"lat":32.828794,"bw":-83.6544,"bs":32.825,"be":-83.6423,"bn":32.8328}},
{"type":"Feature","geometry":{"type":"Point","coordinates":[-86.35876,41.96348]},"properties":{"ZCTA5CE20":49104,"lon":-86.358765,"lat":41.963477,"bw":-86.364,"bs":41.96,"be":-86.3536,"bn":41.9668}},
{"type":"Feature","geometry":{"type":"Point","coordinates":[-84.918,40.23657]},"properties":{"ZCTA5CE20":47382,"lon":-84.918002,"lat":40.236569,"bw":-84.9213,"bs":40.2343,"be":-84.915,"bn":40.24}},
{"type":"Feature","geometry":{"type":"Point","coordinates":[-89.23497,40.98039]},"properties":{"ZCTA5CE20":61541,"lon":-89.234968,"lat":40.980387,"bw":-89.2381,"bs":40.9767,"be":-89.2317,"bn":40.9848}},
{"type":"Feature","geometry":{"type":"Point","coordinates":[-87.2996,40.9523]},"properties":{"ZCTA5CE20":47964,"lon":-87.299598,"lat":40.952297,"bw":-87.3034,"bs":40.9496,"be":-87.2958,"bn":40.955}},
{"type":"Feature","geometry":{"type":"Point","coordinates":[-87.46068,39.57949]},"properties":{"ZCTA5CE20":47863,"lon":-87.460681,"lat":39.579488,"bw":-87.4636,"bs":39.5742,"be":-87.4549,"bn":39.5827}},
{"type":"Feature","geometry":{"type":"Point","coordinates":[-87.39301,39.01905]},"properties":{"ZCTA5CE20":47865,"lon":-87.393006,"lat":39.019047,"bw":-87.3958,"bs":39.0151,"be":-87.3897,"bn":39.0215}},
{"type":"Feature","geometry":{"type":"Point","coordinates":[-87.4966,39.27546]},"properties":{"ZCTA5CE20":47869,"lon":-87.496599,"lat":39.275465,"bw":-87.499,"bs":39.2725,"be":-87.4933,"bn":39.278}},
{"type":"Feature","geometry":{"type":"Point","coordinates":[-87.41888,39.59979]},"properties":{"ZCTA5CE20":47880,"lon":-87.418876,"lat":39.599791,"bw":-87.4202,"bs":39.5978,"be":-87.4177,"bn":39.6016}},
{"type":"Feature","geometry":{"type":"Point","coordinates":[-87.19008,39.48752]},"properties":{"ZCTA5CE20":47881,"lon":-87.190076,"lat":39.487516,"bw":-87.1974,"bs":39.4848,"be":-87.182,"bn":39.4897}},
{"type":"Feature","geometry":{"type":"Point","coordinates":[-86.19569,40.69528]},"properties":{"ZCTA5CE20":46967,"lon":-86.19569,"lat":40.695283,"bw":-86.1981,"bs":40.693,"be":-86.1915,"bn":40.697}},
{"type":"Feature","geometry":{"type":"Point","coordinates":[-86.30496,34.06659]},"properties":{"ZCTA5CE20":35990,"lon":-86.304965,"lat":34.066588,"bw":-86.3106,"bs":34.0652,"be":-86.3018,"bn":34.0685}},
{"type":"Feature","geometry":{"type":"Point","coordinates":[-80.39818,25.49797]},"properties":{"ZCTA5CE20":33039,"lon":-80.398178,"lat":25.497965,"bw":-80.4005,"bs":25.4961,"be":-80.396,"bn":25.4998}},
{"type":"Feature","geometry":{"type":"Point","coordinates":[-91.54506,41.1342]},"properties":{"ZCTA5CE20":52647,"lon":-91.54506,"lat":41.134204,"bw":-91.55,"bs":41.13,"be":-91.5402,"bn":41.1384}},
{"type":"Feature","geometry":{"type":"Point","coordinates":[-86.54568,39.01278]},"properties":{"ZCTA5CE20":47434,"lon":-86.545685,"lat":39.012777,"bw":-86.5464,"bs":39.012,"be":-86.545,"bn":39.0135}},
{"type":"Feature","geometry":{"type":"Point","coordinates":[-85.07731,30.71121]},"properties":{"ZCTA5CE20":32432,"lon":-85.077315,"lat":30.71121,"bw":-85.0791,"bs":30.7091,"be":-85.074,"bn":30.7224}},
{"type":"Feature","geometry":{"type":"Point","coordinates":[-85.82843,40.66744]},"properties":{"ZCTA5CE20":46984,"lon":-85.828434,"lat":40.667442,"bw":-85.8336,"bs":40.6664,"be":-85.8271,"bn":40.6705}},
{"type":"Feature","geometry":{"type":"Point","coordinates":[-95.15437,40.73526]},"properties":{"ZCTA5CE20":51656,"lon":-95.154366,"lat":40.735263,"bw":-95.1591,"bs":40.7295,"be":-95.1484,"bn":40.7389}},
{"type":"Feature","geometry":{"type":"Point","coordinates":[-91.37479,41.25918]},"properties":{"ZCTA5CE20":52737,"lon":-91.374788,"lat":41.259183,"bw":-91.3795,"bs":41.2556,"be":-91.3697,"bn":41.2629}},
{"type":"Feature","geometry":{"type":"Point","coordinates":[-92.71037,42.52566]},"properties":{"ZCTA5CE20":50673,"lon":-92.710368,"lat":42.525662,"bw":-92.7167,"bs":42.5205,"be":-92.7068,"bn":42.5278}},
{"type":"Feature","geometry":{"type":"Point","coordinates":[-82.60028,37.18915]},"properties":{"ZCTA5CE20":41517,"lon":-82.600276,"lat":37.189153,"bw":-82.604,"bs":37.1876,"be":-82.5956,"bn":37.1933}},
{"type":"Feature","geometry":{"type":"Point","coordinates":[-90.59219,42.15322]},"properties":{"ZCTA5CE20":52030,"lon":-90.592188,"lat":42.153223,"bw":-90.5975,"bs":42.1496,"be":-90.5874,"bn":42.157}},
{"type":"Feature","geometry":{"type":"Point","coordinates":[-95.54774,44.05452]},"properties":{"ZCTA5CE20":56125,"lon":-95.547744,"lat":44.054521,"bw":-95.5527,"bs":44.0509,"be":-95.5427,"bn":44.0582}},
{"type":"Feature","geometry":{"type":"Point","coordinates":[-84.18204,42.15814]},"properties":{"ZCTA5CE20":49263,"lon":-84.182043,"lat":42.158142,"bw":-84.185,"bs":42.1571,"be":-84.1792,"bn":42.1593}},
{"type":"Feature","geometry":{"type":"Point","coordinates":[-89.92137,33.51675]},"properties":{"ZCTA5CE20":38947,"lon":-89.921366,"lat":33.516749,"bw":-89.9268,"bs":33.5133,"be":-89.9173,"bn":33.5203}},
{"type":"Feature","geometry":{"type":"Point","coordinates":[-96.79607,29.47661]},"properties":{"ZCTA5CE20":77986,"lon":-96.796071,"lat":29.476611,"bw":-96.7984,"bs":29.4723,"be":-96.7932,"bn":29.4813}},
{"type":"Feature","geometry":{"type":"Point","coordinates":[-83.59917,39.34399]},"properties":{"ZCTA5CE20":45132,"lon":-83.599167,"lat":39.343985,"bw":-83.6058,"bs":39.3411,"be":-83.5951,"bn":39.3471}},
{"type":"Feature","geometry":{"type":"Point","coordinates":[-78.56055,40.44736]},"properties":{"ZCTA5CE20":16699,"lon":-78.560545,"lat":40.44736,"bw":-78.5624,"bs":40.4449,"be":-78.5578,"bn":40.4502}},
{"type":"Feature","geometry":{"type":"Point","coordinates":[-99.71502,32.46221]},"properties":{"ZCTA5CE20":79699,"lon":-99.715016,"lat":32.462209,"bw":-99.7165,"bs":32.4598,"be":-99.7133,"bn":32.465}},
{"type":"Feature","geometry":{"type":"Point","coordinates":[-101.3668,32.11019]},"properties":{"ZCTA5CE20":79733,"lon":-101.3668,"lat":32.110187,"bw":-101.3723,"bs":32.1061,"be":-101.3618,"bn":32.1154}},
{"type":"Feature","geometry":{"type":"Point","coordinates":[-85.74155,40.95606]},"properties":{"ZCTA5CE20":46980,"lon":-85.74155,"lat":40.956063,"bw":-85.7431,"bs":40.9545,"be":-85.7393,"bn":40.9574}},
{"type":"Feature","geometry":{"type":"Point","coordinates":[-85.63242,35.76975]},"properties":{"ZCTA5CE20":38550,"lon":-85.632425,"lat":35.769753,"bw":-85.6338,"bs":35.7692,"be":-85.6319,"bn":35.7702}},
{"type":"Feature","geometry":{"type":"Point","coordinates":[-80.46174,35.58759]},"properties":{"ZCTA5CE20":28041,"lon":-80.46174,"lat":35.587586,"bw":-80.4661,"bs":35.5858,"be":-80.4595,"bn":35.589}},
{"type":"Feature","geometry":{"type":"Point","coordinates":[-77.51108,35.69773]},"properties":{"ZCTA5CE20":27827,"lon":-77.511079,"lat":35.697731,"bw":-77.5182,"bs":35.6941,"be":-77.5072,"bn":35.7032}},
{"type":"Feature","geometry":{"type":"Point","coordinates":[-105.98542,37.17183]},"properties":{"ZCTA5CE20":81148,"lon":-105.985416,"lat":37.171827,"bw":-105.9897,"bs":37.167,"be":-105.9823,"bn":37.1774}},
{"type":"Feature","geometry":{"type":"Point","coordinates":[-95.28382,32.33698]},"properties":{"ZCTA5CE20":75711,"lon":-95.28382,"lat":32.336975,"bw":-95.2855,"bs":32.3363,"be":-95.2821,"bn":32.3377}},
{"type":"Feature","geometry":{"type":"Point","coordinates":[-76.23606,40.69592]},"properties":{"ZCTA5CE20":17974,"lon":-76.236064,"lat":40.695922,"bw":-76.2402,"bs":40.6937,"be":-76.2328,"bn":40.6987}},
{"type":"Feature","geometry":{"type":"Point","coordinates":[-93.0596,34.12746]},"properties":{"ZCTA5CE20":71999,"lon":-93.059602,"lat":34.127458,"bw":-93.0617,"bs":34.1241,"be":-93.0565,"bn":34.1295}},
{"type":"Feature","geometry":{"type":"Point","coordinates":[-95.35985,29.7537]},"properties":{"ZCTA5CE20":77010,"lon":-95.359851,"lat":29.7537,"bw":-95.3641,"bs":29.7498,"be":-95.3555,"bn":29.7572}},
{"type":"Feature","geometry":{"type":"Point","coordinates":[-96.74463,40.62656]},"properties":{"ZCTA5CE20":68438,"lon":-96.744627,"lat":40.626562,"bw":-96.7482,"bs":40.6242,"be":-96.7406,"bn":40.6285}},
{"type":"Feature","geometry":{"type":"Point","coordinates":[-81.71918,40.20864]},"properties":{"ZCTA5CE20":43836,"lon":-81.719176,"lat":40.208641,"bw":-81.7229,"bs":40.2068,"be":-81.7136,"bn":40.2113}},
{"type":"Feature","geometry":{"type":"Point","coordinates":[-81.67126,30.33709]},"properties":{"ZCTA5CE20":32203,"lon":-81.671262,"lat":30.337093,"bw":-81.6732,"bs":30.3347,"be":-81.6691,"bn":30.3394}},
{"type":"Feature","geometry":{"type":"Point","coordinates":[-82.74563,39.46466]},"properties":{"ZCTA5CE20":43101,"lon":-82.745627,"lat":39.464663,"bw":-82.7507,"bs":39.4605,"be":-82.7406,"bn":39.4689}},
{"type":"Feature","geometry":{"type":"Point","coordinates":[-119.33628,36.54623]},"properties":{"ZCTA5CE20":93666,"lon":-119.336285,"lat":36.546233,"bw":-119.343,"bs":36.5417,"be":-119.3315,"bn":36.5493}},
{"type":"Feature","geometry":{"type":"Point","coordinates":[-122.40212,37.79144]},"properties":{"ZCTA5CE20":94104,"lon":-122.402124,"lat":37.791442,"bw":-122.4046,"bs":37.7878,"be":-122.3992,"bn":37.794}},
{"type":"Feature","geometry":{"type":"Point","coordinates":[-94.65891,38.91713]},"properties":{"ZCTA5CE20":66251,"lon":-94.658914,"lat":38.917125,"bw":-94.6633,"bs":38.9128,"be":-94.6543,"bn":38.922}},
{"type":"Feature","geometry":{"type":"Point","coordinates":[-87.52221,39.71447]},"properties":{"ZCTA5CE20":47875,"lon":-87.522212,"lat":39.71447,"bw":-87.5229,"bs":39.7138,"be":-87.5216,"bn":39.7151}},
{"type":"Feature","geometry":{"type":"Point","coordinates":[-86.8797,33.62696]},"properties":{"ZCTA5CE20":35181,"lon":-86.879701,"lat":33.626955,"bw":-86.8825,"bs":33.6242,"be":-86.8782,"bn":33.6284}},
{"type":"Feature","geometry":{"type":"Point","coordinates":[-111.81256,41.75823]},"properties":{"ZCTA5CE20":84322,"lon":-111.81256,"lat":41.758227,"bw":-111.8139,"bs":41.7572,"be":-111.8112,"bn":41.7592}},
{"type":"Feature","geometry":{"type":"Point","coordinates":[-71.56315,41.99924]},"properties":{"ZCTA5CE20":2824,"lon":-71.563151,"lat":41.999244,"bw":-71.5687,"bs":41.9961,"be":-71.557,"bn":42.0039}},
{"type":"Feature","geometry":{"type":"Point","coordinates":[-86.77946,36.16569]},"properties":{"ZCTA5CE20":37238,"lon":-86.779457,"lat":36.165692,"bw":-86.7803,"bs":36.1651,"be":-86.7786,"bn":36.1663}},
{"type":"Feature","geometry":{"type":"Point","coordinates":[-77.03276,38.88556]},"properties":{"ZCTA5CE20":20250,"lon":-77.032765,"lat":38.885562,"bw":-77.0337,"bs":38.8828,"be":-77.032,"bn":38.8878}},
{"type":"Feature","geometry":{"type":"Point","coordinates":[-72.50574,44.17809]},"properties":{"ZCTA5CE20":5670,"lon":-72.505739,"lat":44.178094,"bw":-72.5089,"bs":44.1734,"be":-72.5017,"bn":44.1819}},
{"type":"Feature","geometry":{"type":"Point","coordinates":[-88.71179,34.1952]},"properties":{"ZCTA5CE20":38879,"lon":-88.711793,"lat":34.195201,"bw":-88.7148,"bs":34.1918,"be":-88.7095,"bn":34.1991}},
{"type":"Feature","geometry":{"type":"Point","coordinates":[-77.0426,38.89446]},"properties":{"ZCTA5CE20":20240,"lon":-77.042604,"lat":38.894461,"bw":-77.0435,"bs":38.8935,"be":-77.0417,"bn":38.8954}},
{"type":"Feature","geometry":{"type":"Point","coordinates":[-122.67898,45.52865]},"properties":{"ZCTA5CE20":97208,"lon":-122.678978,"lat":45.528653,"bw":-122.6803,"bs":45.5273,"be":-122.6776,"bn":45.5301}},
{"type":"Feature","geometry":{"type":"Point","coordinates":[-90.17997,32.32255]},"properties":{"ZCTA5CE20":39210,"lon":-90.179971,"lat":32.322551,"bw":-90.1822,"bs":32.3181,"be":-90.1768,"bn":32.3268}},
{"type":"Feature","geometry":{"type":"Point","coordinates":[-122.38091,37.74069]},"properties":{"ZCTA5CE20":94188,"lon":-122.380913,"lat":37.740694,"bw":-122.3847,"bs":37.7377,"be":-122.3768,"bn":37.7439}},
{"type":"Feature","geometry":{"type":"Point","coordinates":[-73.96375,40.81085]},"properties":{"ZCTA5CE20":10115,"lon":-73.963747,"lat":40.810855,"bw":-73.9644,"bs":40.8104,"be":-73.9631,"bn":40.8113}},
{"type":"Feature","geometry":{"type":"Point","coordinates":[-86.16168,40.6606]},"properties":{"ZCTA5CE20":46971,"lon":-86.161676,"lat":40.660597,"bw":-86.1662,"bs":40.657,"be":-86.1563,"bn":40.6643}},
{"type":"Feature","geometry":{"type":"Point","coordinates":[-83.61219,38.7502]},"properties":{"ZCTA5CE20":45105,"lon":-83.612193,"lat":38.750201,"bw":-83.6135,"bs":38.749,"be":-83.6112,"bn":38.7515}},
{"type":"Feature","geometry":{"type":"Point","coordinates":[-117.14564,32.72512]},"properties":{"ZCTA5CE20":92134,"lon":-117.145641,"lat":32.725118,"bw":-117.1475,"bs":32.7217,"be":-117.1427,"bn":32.728}},
{"type":"Feature","geometry":{"type":"Point","coordinates":[-98.69653,46.91443]},"properties":{"ZCTA5CE20":58405,"lon":-98.696534,"lat":46.914434,"bw":-98.7025,"bs":46.9108,"be":-98.6919,"bn":46.9171}},
{"type":"Feature","geometry":{"type":"Point","coordinates":[-84.6414,40.35349]},"properties":{"ZCTA5CE20":45310,"lon":-84.641397,"lat":40.353486,"bw":-84.6481,"bs":40.35,"be":-84.6374,"bn":40.3569}},
{"type":"Feature","geometry":{"type":"Point","coordinates":[-77.02503,38.89313]},"properties":{"ZCTA5CE20":20530,"lon":-77.025027,"lat":38.893127,"bw":-77.026,"bs":38.8921,"be":-77.024,"bn":38.8944}},
{"type":"Feature","geometry":{"type":"Point","coordinates":[-86.29516,39.26576]},"properties":{"ZCTA5CE20":47435,"lon":-86.295156,"lat":39.265756,"bw":-86.2959,"bs":39.2653,"be":-86.2944,"bn":39.2662}},
{"type":"Feature","geometry":{"type":"Point","coordinates":[-121.31166,37.98077]},"properties":{"ZCTA5CE20":95211,"lon":-121.311665,"lat":37.980771,"bw":-121.3186,"bs":37.9781,"be":-121.3073,"bn":37.9844}},
{"type":"Feature","geometry":{"type":"Point","coordinates":[-71.43502,41.84385]},"properties":{"ZCTA5CE20":2918,"lon":-71.435021,"lat":41.843853,"bw":-71.4405,"bs":41.8411,"be":-71.4293,"bn":41.8472}},
{"type":"Feature","geometry":{"type":"Point","coordinates":[-87.5472,33.21466]},"properties":{"ZCTA5CE20":35487,"lon":-87.547196,"lat":33.214659,"bw":-87.5529,"bs":33.2117,"be":-87.5428,"bn":33.2174}},
{"type":"Feature","geometry":{"type":"Point","coordinates":[-85.9137,35.21037]},"properties":{"ZCTA5CE20":37383,"lon":-85.913699,"lat":35.21037,"bw":-85.9176,"bs":35.204,"be":-85.9102,"bn":35.2152}},
{"type":"Feature","geometry":{"type":"Point","coordinates":[-77.00471,38.88793]},"properties":{"ZCTA5CE20":20540,"lon":-77.004708,"lat":38.88793,"bw":-77.0059,"bs":38.886,"be":-77.0035,"bn":38.8898}},
{"type":"Feature","geometry":{"type":"Point","coordinates":[-93.60315,41.59115]},"properties":{"ZCTA5CE20":50319,"lon":-93.603146,"lat":41.591151,"bw":-93.6102,"bs":41.5879,"be":-93.5968,"bn":41.5944}},
{"type":"Feature","geometry":{"type":"Point","coordinates":[-86.16107,39.76027]},"properties":{"ZCTA5CE20":46206,"lon":-86.161072,"lat":39.760266,"bw":-86.162,"bs":39.759,"be":-86.1601,"bn":39.7615}},
{"type":"Feature","geometry":{"type":"Point","coordinates":[-106.86035,35.00772]},"properties":{"ZCTA5CE20":87151,"lon":-106.860346,"lat":35.007722,"bw":-106.8663,"bs":35.0045,"be":-106.8552,"bn":35.0108}},
{"type":"Feature","geometry":{"type":"Point","coordinates":[-117.21966,34.13941]},"properties":{"ZCTA5CE20":92369,"lon":-117.219656,"lat":34.139407,"bw":-117.2262,"bs":34.1358,"be":-117.2131,"bn":34.1431}},
{"type":"Feature","geometry":{"type":"Point","coordinates":[-104.98676,39.74411]},"properties":{"ZCTA5CE20":80290,"lon":-104.986756,"lat":39.744107,"bw":-104.9874,"bs":39.7433,"be":-104.9861,"bn":39.7449}},
{"type":"Feature","geometry":{"type":"Point","coordinates":[-78.23662,36.43861]},"properties":{"ZCTA5CE20":27570,"lon":-78.236619,"lat":36.438608,"bw":-78.2399,"bs":36.4356,"be":-78.2333,"bn":36.4417}},
{"type":"Feature","geometry":{"type":"Point","coordinates":[-94.77638,29.31083]},"properties":{"ZCTA5CE20":77555,"lon":-94.77638,"lat":29.310829,"bw":-94.7783,"bs":29.3096,"be":-94.7742,"bn":29.3119}},
{"type":"Feature","geometry":{"type":"Point","coordinates":[-98.28154,29.53807]},"properties":{"ZCTA5CE20":78150,"lon":-98.281541,"lat":29.53807,"bw":-98.2843,"bs":29.5361,"be":-98.2786,"bn":29.5405}},
{"type":"Feature","geometry":{"type":"Point","coordinates":[-101.9148,34.98338]},"properties":{"ZCTA5CE20":79016,"lon":-101.914799,"lat":34.983377,"bw":-101.916,"bs":34.9819,"be":-101.9136,"bn":34.9848}},
{"type":"Feature","geometry":{"type":"Point","coordinates":[-99.93824,37.73038]},"properties":{"ZCTA5CE20":67843,"lon":-99.93824,"lat":37.730381,"bw":-99.9415,"bs":37.727,"be":-99.9309,"bn":37.7349}},
{"type":"Feature","geometry":{"type":"Point","coordinates":[-96.84287,32.81411]},"properties":{"ZCTA5CE20":75390,"lon":-96.842872,"lat":32.814111,"bw":-96.8455,"bs":32.8118,"be":-96.8395,"bn":32.816}},
{"type":"Feature","geometry":{"type":"Point","coordinates":[-96.16477,33.43596]},"properties":{"ZCTA5CE20":75413,"lon":-96.164774,"lat":33.435964,"bw":-96.169,"bs":33.4307,"be":-96.1608,"bn":33.4403}},
{"type":"Feature","geometry":{"type":"Point","coordinates":[-92.91653,30.36586]},"properties":{"ZCTA5CE20":70640,"lon":-92.916529,"lat":30.365862,"bw":-92.9217,"bs":30.3602,"be":-92.9121,"bn":30.3703}},
{"type":"Feature","geometry":{"type":"Point","coordinates":[-91.97532,30.72867]},"properties":{"ZCTA5CE20":71345,"lon":-91.975317,"lat":30.728672,"bw":-91.9813,"bs":30.7257,"be":-91.9708,"bn":30.732}},
{"type":"Feature","geometry":{"type":"Point","coordinates":[-122.33378,47.60621]},"properties":{"ZCTA5CE20":98154,"lon":-122.333784,"lat":47.606209,"bw":-122.3347,"bs":47.6056,"be":-122.3329,"bn":47.6068}},
{"type":"Feature","geometry":{"type":"Point","coordinates":[-122.33527,47.60481]},"properties":{"ZCTA5CE20":98174,"lon":-122.335275,"lat":47.604809,"bw":-122.3362,"bs":47.6044,"be":-122.3345,"bn":47.6052}},
{"type":"Feature","geometry":{"type":"Point","coordinates":[-95.09929,34.66215]},"properties":{"ZCTA5CE20":74521,"lon":-95.099293,"lat":34.662148,"bw":-95.104,"bs":34.6587,"be":-95.0951,"bn":34.6661}},
{"type":"Feature","geometry":{"type":"Point","coordinates":[-149.88619,61.21471]},"properties":{"ZCTA5CE20":99513,"lon":-149.886193,"lat":61.214705,"bw":-149.8874,"bs":61.2136,"be":-149.8833,"bn":61.2156}},
{"type":"Feature","geometry":{"type":"Point","coordinates":[-90.07099,29.95023]},"properties":{"ZCTA5CE20":70139,"lon":-90.070993,"lat":29.950229,"bw":-90.0718,"bs":29.9497,"be":-90.0702,"bn":29.9507}},
{"type":"Feature","geometry":{"type":"Point","coordinates":[-90.34011,35.67626]},"properties":{"ZCTA5CE20":72377,"lon":-90.340114,"lat":35.676263,"bw":-90.3497,"bs":35.6701,"be":-90.3388,"bn":35.6784}},
{"type":"Feature","geometry":{"type":"Point","coordinates":[-97.36254,32.70933]},"properties":{"ZCTA5CE20":76129,"lon":-97.362544,"lat":32.709333,"bw":-97.3649,"bs":32.7071,"be":-97.3604,"bn":32.7117}},
{"type":"Feature","geometry":{"type":"Point","coordinates":[-91.1043,29.66974]},"properties":{"ZCTA5CE20":70340,"lon":-91.104304,"lat":29.669744,"bw":-91.1074,"bs":29.6685,"be":-91.1015,"bn":29.671}},
{"type":"Feature","geometry":{"type":"Point","coordinates":[-98.21534,32.2173]},"properties":{"ZCTA5CE20":76402,"lon":-98.215343,"lat":32.217298,"bw":-98.2227,"bs":32.2158,"be":-98.2136,"bn":32.2187}},
{"type":"Feature","geometry":{"type":"Point","coordinates":[-118.33045,33.88488]},"properties":{"ZCTA5CE20":90506,"lon":-118.33045,"lat":33.884876,"bw":-118.3351,"bs":33.8813,"be":-118.3265,"bn":33.8874}},
{"type":"Feature","geometry":{"type":"Point","coordinates":[-97.12084,31.54606]},"properties":{"ZCTA5CE20":76798,"lon":-97.120842,"lat":31.546058,"bw":-97.1244,"bs":31.5424,"be":-97.1175,"bn":31.5498}},
{"type":"Feature","geometry":{"type":"Point","coordinates":[-90.46965,30.51684]},"properties":{"ZCTA5CE20":70402,"lon":-90.469648,"lat":30.516842,"bw":-90.4719,"bs":30.5132,"be":-90.4657,"bn":30.5192}},
{"type":"Feature","geometry":{"type":"Point","coordinates":[-90.38945,36.43648]},"properties":{"ZCTA5CE20":72441,"lon":-90.38945,"lat":36.436479,"bw":-90.3935,"bs":36.4308,"be":-90.3847,"bn":36.4395}},
{"type":"Feature","geometry":{"type":"Point","coordinates":[-91.18765,30.44906]},"properties":{"ZCTA5CE20":70801,"lon":-91.187646,"lat":30.449062,"bw":-91.1904,"bs":30.4471,"be":-91.1805,"bn":30.4526}},
{"type":"Feature","geometry":{"type":"Point","coordinates":[-123.32751,46.95885]},"properties":{"ZCTA5CE20":98559,"lon":-123.327507,"lat":46.958845,"bw":-123.3294,"bs":46.9574,"be":-123.3256,"bn":46.9603}},
{"type":"Feature","geometry":{"type":"Point","coordinates":[-105.20111,39.72793]},"properties":{"ZCTA5CE20":80419,"lon":-105.201115,"lat":39.727932,"bw":-105.2093,"bs":39.7251,"be":-105.1984,"bn":39.7314}},
{"type":"Feature","geometry":{"type":"Point","coordinates":[-119.93832,39.24136]},"properties":{"ZCTA5CE20":89450,"lon":-119.938322,"lat":39.241357,"bw":-119.9396,"bs":39.2404,"be":-119.9371,"bn":39.2424}},
{"type":"Feature","geometry":{"type":"Point","coordinates":[-91.06699,36.08514]},"properties":{"ZCTA5CE20":72457,"lon":-91.066991,"lat":36.08514,"bw":-91.073,"bs":36.0825,"be":-91.064,"bn":36.0881}},
{"type":"Feature","geometry":{"type":"Point","coordinates":[-97.72696,31.47626]},"properties":{"ZCTA5CE20":76596,"lon":-97.726958,"lat":31.476264,"bw":-97.7304,"bs":31.4731,"be":-97.7231,"bn":31.4803}},
{"type":"Feature","geometry":{"type":"Point","coordinates":[-111.15468,32.41538]},"properties":{"ZCTA5CE20":85654,"lon":-111.154677,"lat":32.415376,"bw":-111.1573,"bs":32.4138,"be":-111.1502,"bn":32.4173}},
{"type":"Feature","geometry":{"type":"Point","coordinates":[-117.49699,47.56335]},"properties":{"ZCTA5CE20":99020,"lon":-117.496988,"lat":47.563353,"bw":-117.4988,"bs":47.5582,"be":-117.4952,"bn":47.5657}},
{"type":"Feature","geometry":{"type":"Point","coordinates":[-117.35705,47.00743]},"properties":{"ZCTA5CE20":99174,"lon":-117.35705,"lat":47.007432,"bw":-117.3586,"bs":47.005,"be":-117.3543,"bn":47.0091}},
{"type":"Feature","geometry":{"type":"Point","coordinates":[-118.11871,33.77825]},"properties":{"ZCTA5CE20":90822,"lon":-118.118714,"lat":33.778249,"bw":-118.1224,"bs":33.7753,"be":-118.1153,"bn":33.7813}},
{"type":"Feature","geometry":{"type":"Point","coordinates":[-94.88038,36.91637]},"properties":{"ZCTA5CE20":74358,"lon":-94.880382,"lat":36.916367,"bw":-94.8859,"bs":36.9145,"be":-94.8775,"bn":36.922}},
{"type":"Feature","geometry":{"type":"Point","coordinates":[-91.34209,35.15452]},"properties":{"ZCTA5CE20":72059,"lon":-91.342092,"lat":35.154523,"bw":-91.3433,"bs":35.1534,"be":-91.3407,"bn":35.1565}},
{"type":"Feature","geometry":{"type":"Point","coordinates":[-122.77677,45.05816]},"properties":{"ZCTA5CE20":97373,"lon":-122.776771,"lat":45.058159,"bw":-122.7809,"bs":45.0563,"be":-122.7721,"bn":45.0605}},
{"type":"Feature","geometry":{"type":"Point","coordinates":[-104.37939,32.17575]},"properties":{"ZCTA5CE20":88268,"lon":-104.379389,"lat":32.175747,"bw":-104.3835,"bs":32.173,"be":-104.3743,"bn":32.1816}},
{"type":"Feature","geometry":{"type":"Point","coordinates":[-118.25809,34.14467]},"properties":{"ZCTA5CE20":91210,"lon":-118.258087,"lat":34.144674,"bw":-118.2614,"bs":34.1426,"be":-118.255,"bn":34.1469}},
{"type":"Feature","geometry":{"type":"Point","coordinates":[-92.07284,32.53019]},"properties":{"ZCTA5CE20":71209,"lon":-92.072844,"lat":32.530192,"bw":-92.0755,"bs":32.5278,"be":-92.0687,"bn":32.533}},
{"type":"Feature","geometry":{"type":"Point","coordinates":[-97.25968,39.0264]},"properties":{"ZCTA5CE20":67482,"lon":-97.259676,"lat":39.026395,"bw":-97.264,"bs":39.0239,"be":-97.2568,"bn":39.0305}},
{"type":"Feature","geometry":{"type":"Point","coordinates":[-84.26033,40.62408]},"properties":{"ZCTA5CE20":45819,"lon":-84.260331,"lat":40.624075,"bw":-84.2653,"bs":40.6204,"be":-84.2543,"bn":40.6292}},
{"type":"Feature","geometry":{"type":"Point","coordinates":[-104.91842,39.844]},"properties":{"ZCTA5CE20":80024,"lon":-104.91842,"lat":39.844004,"bw":-104.9191,"bs":39.8417,"be":-104.9178,"bn":39.8472}},
{"type":"Feature","geometry":{"type":"Point","coordinates":[-92.2946,34.83664]},"properties":{"ZCTA5CE20":72119,"lon":-92.294605,"lat":34.836642,"bw":-92.3015,"bs":34.8335,"be":-92.29,"bn":34.84}},
{"type":"Feature","geometry":{"type":"Point","coordinates":[-84.47781,40.74041]},"properties":{"ZCTA5CE20":45838,"lon":-84.47781,"lat":40.740406,"bw":-84.4802,"bs":40.7381,"be":-84.4754,"bn":40.7427}},
{"type":"Feature","geometry":{"type":"Point","coordinates":[-84.58383,41.08838]},"properties":{"ZCTA5CE20":45855,"lon":-84.583828,"lat":41.08838,"bw":-84.5883,"bs":41.0842,"be":-84.5781,"bn":41.0916}},
{"type":"Feature","geometry":{"type":"Point","coordinates":[-104.85007,40.52671]},"properties":{"ZCTA5CE20":80546,"lon":-104.850072,"lat":40.526709,"bw":-104.853,"bs":40.5177,"be":-104.8477,"bn":40.5303}},
{"type":"Feature","geometry":{"type":"Point","coordinates":[-91.50897,35.36199]},"properties":{"ZCTA5CE20":72139,"lon":-91.508968,"lat":35.361994,"bw":-91.5157,"bs":35.3588,"be":-91.5044,"bn":35.3658}},
{"type":"Feature","geometry":{"type":"Point","coordinates":[-97.08293,36.12505]},"properties":{"ZCTA5CE20":74078,"lon":-97.082926,"lat":36.125048,"bw":-97.0873,"bs":36.1231,"be":-97.0718,"bn":36.1268}},
{"type":"Feature","geometry":{"type":"Point","coordinates":[-91.8567,32.4868]},"properties":{"ZCTA5CE20":71279,"lon":-91.856701,"lat":32.4868,"bw":-91.8608,"bs":32.4846,"be":-91.8495,"bn":32.489}},
{"type":"Feature","geometry":{"type":"Point","coordinates":[-84.7749,40.80088]},"properties":{"ZCTA5CE20":45899,"lon":-84.774905,"lat":40.800884,"bw":-84.78,"bs":40.7971,"be":-84.7693,"bn":40.8045}},
{"type":"Feature","geometry":{"type":"Point","coordinates":[-99.3324,38.71297]},"properties":{"ZCTA5CE20":67667,"lon":-99.332403,"lat":38.712972,"bw":-99.3369,"bs":38.71,"be":-99.3286,"bn":38.7155}},
{"type":"Feature","geometry":{"type":"Point","coordinates":[-118.2552,34.05241]},"properties":{"ZCTA5CE20":90071,"lon":-118.255196,"lat":34.052406,"bw":-118.2593,"bs":34.0487,"be":-118.2502,"bn":34.0561}},
{"type":"Feature","geometry":{"type":"Point","coordinates":[-92.42843,30.67575]},"properties":{"ZCTA5CE20":70580,"lon":-92.428432,"lat":30.675746,"bw":-92.4324,"bs":30.6719,"be":-92.424,"bn":30.678}},
{"type":"Feature","geometry":{"type":"Point","coordinates":[-111.78258,43.81637]},"properties":{"ZCTA5CE20":83460,"lon":-111.782583,"lat":43.81637,"bw":-111.7867,"bs":43.8114,"be":-111.7781,"bn":43.8219}},
{"type":"Feature","geometry":{"type":"Point","coordinates":[-81.40054,30.39166]},"properties":{"ZCTA5CE20":32228,"lon":-81.40054,"lat":30.391657,"bw":-81.4027,"bs":30.3879,"be":-81.3951,"bn":30.3956}},
{"type":"Feature","geometry":{"type":"Point","coordinates":[-76.02141,37.96703]},"properties":{"ZCTA5CE20":21866,"lon":-76.021412,"lat":37.967034,"bw":-76.0252,"bs":37.9634,"be":-76.0173,"bn":37.9723}},
{"type":"Feature","geometry":{"type":"Point","coordinates":[-83.79392,41.00452]},"properties":{"ZCTA5CE20":45816,"lon":-83.793919,"lat":41.004521,"bw":-83.7992,"bs":41.0007,"be":-83.787,"bn":41.0079}},
{"type":"Feature","geometry":{"type":"Point","coordinates":[-83.29116,30.19368]},"properties":{"ZCTA5CE20":32013,"lon":-83.291157,"lat":30.193675,"bw":-83.2924,"bs":30.1925,"be":-83.2894,"bn":30.1943}},
{"type":"Feature","geometry":{"type":"Point","coordinates":[-73.97858,40.75954]},"properties":{"ZCTA5CE20":10111,"lon":-73.978584,"lat":40.759535,"bw":-73.9804,"bs":40.7585,"be":-73.9767,"bn":40.7605}},
{"type":"Feature","geometry":{"type":"Point","coordinates":[-73.97431,40.75527]},"properties":{"ZCTA5CE20":10172,"lon":-73.974315,"lat":40.755272,"bw":-73.9754,"bs":40.7546,"be":-73.9733,"bn":40.7559}},
{"type":"Feature","geometry":{"type":"Point","coordinates":[-71.42983,42.52165]},"properties":{"ZCTA5CE20":1718,"lon":-71.429829,"lat":42.521646,"bw":-71.4337,"bs":42.5169,"be":-71.4259,"bn":42.5255}},
{"type":"Feature","geometry":{"type":"Point","coordinates":[-79.856,40.13927]},"properties":{"ZCTA5CE20":15072,"lon":-79.856,"lat":40.139266,"bw":-79.8584,"bs":40.1369,"be":-79.8528,"bn":40.1416}},
{"type":"Feature","geometry":{"type":"Point","coordinates":[-80.38332,40.34207]},"properties":{"ZCTA5CE20":15004,"lon":-80.383322,"lat":40.342073,"bw":-80.3865,"bs":40.3385,"be":-80.3777,"bn":40.3473}},
{"type":"Feature","geometry":{"type":"Point","coordinates":[-92.8629,41.93862]},"properties":{"ZCTA5CE20":50078,"lon":-92.862904,"lat":41.938623,"bw":-92.8678,"bs":41.9349,"be":-92.858,"bn":41.9425}},
{"type":"Feature","geometry":{"type":"Point","coordinates":[-78.62297,35.7788]},"properties":{"ZCTA5CE20":27697,"lon":-78.622968,"lat":35.778804,"bw":-78.6236,"bs":35.7777,"be":-78.6223,"bn":35.7799}},
{"type":"Feature","geometry":{"type":"Point","coordinates":[-86.38519,41.12074]},"properties":{"ZCTA5CE20":46945,"lon":-86.385188,"lat":41.120739,"bw":-86.3858,"bs":41.1199,"be":-86.384,"bn":41.1225}},
{"type":"Feature","geometry":{"type":"Point","coordinates":[-79.56316,40.59747]},"properties":{"ZCTA5CE20":15629,"lon":-79.56316,"lat":40.59747,"bw":-79.5681,"bs":40.5924,"be":-79.5569,"bn":40.6012}},
{"type":"Feature","geometry":{"type":"Point","coordinates":[-118.2554,34.04059]},"properties":{"ZCTA5CE20":90079,"lon":-118.255397,"lat":34.040588,"bw":-118.2567,"bs":34.0396,"be":-118.2541,"bn":34.0416}},
{"type":"Feature","geometry":{"type":"Point","coordinates":[-88.37011,42.53893]},"properties":{"ZCTA5CE20":53157,"lon":-88.370113,"lat":42.538927,"bw":-88.3719,"bs":42.535,"be":-88.3659,"bn":42.5403}},
{"type":"Feature","geometry":{"type":"Point","coordinates":[-80.25409,26.11715]},"properties":{"ZCTA5CE20":33388,"lon":-80.25409,"lat":26.117148,"bw":-80.2575,"bs":26.1136,"be":-80.2504,"bn":26.1208}},
{"type":"Feature","geometry":{"type":"Point","coordinates":[-116.93333,32.58396]},"properties":{"ZCTA5CE20":92179,"lon":-116.933333,"lat":32.583956,"bw":-116.9385,"bs":32.5803,"be":-116.9269,"bn":32.5879}},
{"type":"Feature","geometry":{"type":"Point","coordinates":[-94.34433,32.63834]},"properties":{"ZCTA5CE20":75694,"lon":-94.34433,"lat":32.638337,"bw":-94.3471,"bs":32.6338,"be":-94.3423,"bn":32.6411}},
{"type":"Feature","geometry":{"type":"Point","coordinates":[-82.52168,40.25382]},"properties":{"ZCTA5CE20":43027,"lon":-82.521684,"lat":40.25382,"bw":-82.5281,"bs":40.2518,"be":-82.5183,"bn":40.2565}},
{"type":"Feature","geometry":{"type":"Point","coordinates":[-84.28858,33.34032]},"properties":{"ZCTA5CE20":30284,"lon":-84.288584,"lat":33.34032,"bw":-84.2903,"bs":33.3386,"be":-84.2867,"bn":33.3414}},
{"type":"Feature","geometry":{"type":"Point","coordinates":[-81.41025,27.85606]},"properties":{"ZCTA5CE20":33854,"lon":-81.410254,"lat":27.856059,"bw":-81.4143,"bs":27.8525,"be":-81.4069,"bn":27.8598}},
{"type":"Feature","geometry":{"type":"Point","coordinates":[-118.01525,33.90518]},"properties":{"ZCTA5CE20":90639,"lon":-118.015249,"lat":33.905183,"bw":-118.0187,"bs":33.9009,"be":-118.0119,"bn":33.9113}},
{"type":"Feature","geometry":{"type":"Point","coordinates":[-83.38644,31.41766]},"properties":{"ZCTA5CE20":31727,"lon":-83.386435,"lat":31.417656,"bw":-83.3913,"bs":31.4164,"be":-83.3845,"bn":31.4188}},
{"type":"Feature","geometry":{"type":"Point","coordinates":[-76.37949,40.76161]},"properties":{"ZCTA5CE20":17943,"lon":-76.379491,"lat":40.761614,"bw":-76.384,"bs":40.7584,"be":-76.375,"bn":40.7646}},
{"type":"Feature","geometry":{"type":"Point","coordinates":[-84.30603,33.43473]},"properties":{"ZCTA5CE20":30250,"lon":-84.306033,"lat":33.434733,"bw":-84.308,"bs":33.4336,"be":-84.3043,"bn":33.4357}},
{"type":"Feature","geometry":{"type":"Point","coordinates":[-86.5179,33.90174]},"properties":{"ZCTA5CE20":35013,"lon":-86.517901,"lat":33.901737,"bw":-86.5192,"bs":33.9002,"be":-86.5164,"bn":33.9037}},
{"type":"Feature","geometry":{"type":"Point","coordinates":[-80.88728,40.18204]},"properties":{"ZCTA5CE20":43974,"lon":-80.887276,"lat":40.182038,"bw":-80.8936,"bs":40.1803,"be":-80.8831,"bn":40.1834}},
{"type":"Feature","geometry":{"type":"Point","coordinates":[-73.83547,41.17861]},"properties":{"ZCTA5CE20":10545,"lon":-73.835467,"lat":41.178608,"bw":-73.8396,"bs":41.1754,"be":-73.8315,"bn":41.1824}},
{"type":"Feature","geometry":{"type":"Point","coordinates":[-96.1038,29.79461]},"properties":{"ZCTA5CE20":77473,"lon":-96.103803,"lat":29.794613,"bw":-96.1078,"bs":29.7921,"be":-96.1001,"bn":29.7972}},
{"type":"Feature","geometry":{"type":"Point","coordinates":[-86.33399,33.26307]},"properties":{"ZCTA5CE20":35032,"lon":-86.333994,"lat":33.263073,"bw":-86.3377,"bs":33.2593,"be":-86.3326,"bn":33.2658}},
{"type":"Feature","geometry":{"type":"Point","coordinates":[-77.01955,38.89007]},"properties":{"ZCTA5CE20":20565,"lon":-77.019548,"lat":38.890065,"bw":-77.024,"bs":38.8876,"be":-77.0152,"bn":38.8933}},
{"type":"Feature","geometry":{"type":"Point","coordinates":[-71.90894,41.74458]},"properties":{"ZCTA5CE20":6387,"lon":-71.908936,"lat":41.74458,"bw":-71.9122,"bs":41.7399,"be":-71.9067,"bn":41.7469}},
{"type":"Feature","geometry":{"type":"Point","coordinates":[-83.15555,39.28002]},"properties":{"ZCTA5CE20":45617,"lon":-83.155551,"lat":39.280023,"bw":-83.1632,"bs":39.2772,"be":-83.1497,"bn":39.2829}},
{"type":"Feature","geometry":{"type":"Point","coordinates":[-90.07546,29.94998]},"properties":{"ZCTA5CE20":70163,"lon":-90.075459,"lat":29.949981,"bw":-90.076,"bs":29.9493,"be":-90.0749,"bn":29.9506}},
{"type":"Feature","geometry":{"type":"Point","coordinates":[-79.9701,39.64677]},"properties":{"ZCTA5CE20":26506,"lon":-79.970102,"lat":39.646774,"bw":-79.9755,"bs":39.6429,"be":-79.9647,"bn":39.6512}},
{"type":"Feature","geometry":{"type":"Point","coordinates":[-90.77267,35.31629]},"properties":{"ZCTA5CE20":72387,"lon":-90.772671,"lat":35.316289,"bw":-90.7732,"bs":35.3135,"be":-90.772,"bn":35.3173}},
{"type":"Feature","geometry":{"type":"Point","coordinates":[-87.46505,31.15699]},"properties":{"ZCTA5CE20":36503,"lon":-87.465054,"lat":31.156986,"bw":-87.4677,"bs":31.155,"be":-87.4638,"bn":31.158}},
{"type":"Feature","geometry":{"type":"Point","coordinates":[-97.29348,37.71893]},"properties":{"ZCTA5CE20":67260,"lon":-97.293485,"lat":37.718934,"bw":-97.299,"bs":37.7155,"be":-97.2861,"bn":37.7229}},
{"type":"Feature","geometry":{"type":"Point","coordinates":[-111.88831,40.77794]},"properties":{"ZCTA5CE20":84114,"lon":-111.88831,"lat":40.777936,"bw":-111.8911,"bs":40.776,"be":-111.8856,"bn":40.7799}},
{"type":"Feature","geometry":{"type":"Point","coordinates":[-81.64264,35.42167]},"properties":{"ZCTA5CE20":28136,"lon":-81.642638,"lat":35.421671,"bw":-81.6443,"bs":35.4165,"be":-81.6394,"bn":35.4236}},
{"type":"Feature","geometry":{"type":"Point","coordinates":[-85.13779,39.81282]},"properties":{"ZCTA5CE20":47370,"lon":-85.137786,"lat":39.812815,"bw":-85.142,"bs":39.811,"be":-85.1335,"bn":39.8142}},
{"type":"Feature","geometry":{"type":"Point","coordinates":[-77.01442,38.88556]},"properties":{"ZCTA5CE20":20204,"lon":-77.014423,"lat":38.885556,"bw":-77.0152,"bs":38.8851,"be":-77.0137,"bn":38.886}},
{"type":"Feature","geometry":{"type":"Point","coordinates":[-83.93951,37.39363]},"properties":{"ZCTA5CE20":40434,"lon":-83.939508,"lat":37.393628,"bw":-83.9416,"bs":37.3921,"be":-83.9368,"bn":37.3958}},
{"type":"Feature","geometry":{"type":"Point","coordinates":[-77.14051,42.18021]},"properties":{"ZCTA5CE20":14827,"lon":-77.140511,"lat":42.180212,"bw":-77.151,"bs":42.1782,"be":-77.1362,"bn":42.1827}},
{"type":"Feature","geometry":{"type":"Point","coordinates":[-74.86854,40.00987]},"properties":{"ZCTA5CE20":8073,"lon":-74.868536,"lat":40.009874,"bw":-74.8722,"bs":40.0076,"be":-74.8595,"bn":40.0123}},
{"type":"Feature","geometry":{"type":"Point","coordinates":[-89.7598,41.78823]},"properties":{"ZCTA5CE20":61037,"lon":-89.759802,"lat":41.788234,"bw":-89.7648,"bs":41.7828,"be":-89.7534,"bn":41.7915}},
{"type":"Feature","geometry":{"type":"Point","coordinates":[-94.43656,43.73563]},"properties":{"ZCTA5CE20":56075,"lon":-94.436564,"lat":43.735629,"bw":-94.4381,"bs":43.7314,"be":-94.4351,"bn":43.7386}},
{"type":"Feature","geometry":{"type":"Point","coordinates":[-82.3637,34.87381]},"properties":{"ZCTA5CE20":29614,"lon":-82.3637,"lat":34.873814,"bw":-82.368,"bs":34.8694,"be":-82.3591,"bn":34.879}},
{"type":"Feature","geometry":{"type":"Point","coordinates":[-85.68704,38.24764]},"properties":{"ZCTA5CE20":40280,"lon":-85.687038,"lat":38.247641,"bw":-85.6917,"bs":38.2451,"be":-85.6832,"bn":38.25}},
{"type":"Feature","geometry":{"type":"Point","coordinates":[-88.10898,30.73684]},"properties":{"ZCTA5CE20":36663,"lon":-88.108978,"lat":30.736836,"bw":-88.1116,"bs":30.7342,"be":-88.1057,"bn":30.7385}},
{"type":"Feature","geometry":{"type":"Point","coordinates":[-88.08025,30.69644]},"properties":{"ZCTA5CE20":36652,"lon":-88.080254,"lat":30.696436,"bw":-88.082,"bs":30.6933,"be":-88.0791,"bn":30.698}},
{"type":"Feature","geometry":{"type":"Point","coordinates":[-88.5197,41.83494]},"properties":{"ZCTA5CE20":60144,"lon":-88.519699,"lat":41.834939,"bw":-88.5231,"bs":41.832,"be":-88.5177,"bn":41.8375}},
{"type":"Feature","geometry":{"type":"Point","coordinates":[-80.8767,28.76704]},"properties":{"ZCTA5CE20":32775,"lon":-80.8767,"lat":28.767043,"bw":-80.878,"bs":28.7656,"be":-80.8754,"bn":28.7685}},
{"type":"Feature","geometry":{"type":"Point","coordinates":[-117.23621,32.87544]},"properties":{"ZCTA5CE20":92092,"lon":-117.236207,"lat":32.875439,"bw":-117.2391,"bs":32.8717,"be":-117.2333,"bn":32.8795}},
{"type":"Feature","geometry":{"type":"Point","coordinates":[-83.17079,39.81091]},"properties":{"ZCTA5CE20":43126,"lon":-83.170791,"lat":39.810907,"bw":-83.1748,"bs":39.8087,"be":-83.1611,"bn":39.8135}},
{"type":"Feature","geometry":{"type":"Point","coordinates":[-82.51251,37.43377]},"properties":{"ZCTA5CE20":41526,"lon":-82.512512,"lat":37.433773,"bw":-82.5146,"bs":37.4322,"be":-82.5101,"bn":37.4356}},
{"type":"Feature","geometry":{"type":"Point","coordinates":[-88.03659,44.47049]},"properties":{"ZCTA5CE20":54307,"lon":-88.036594,"lat":44.470491,"bw":-88.0418,"bs":44.4678,"be":-88.0318,"bn":44.4731}},
{"type":"Feature","geometry":{"type":"Point","coordinates":[-85.29236,41.1036]},"properties":{"ZCTA5CE20":46704,"lon":-85.292365,"lat":41.103598,"bw":-85.2985,"bs":41.102,"be":-85.284,"bn":41.1049}},
{"type":"Feature","geometry":{"type":"Point","coordinates":[-111.9011,40.77045]},"properties":{"ZCTA5CE20":84180,"lon":-111.901097,"lat":40.770446,"bw":-111.9025,"bs":40.7693,"be":-111.8997,"bn":40.7715}},
{"type":"Feature","geometry":{"type":"Point","coordinates":[-87.5268,40.19815]},"properties":{"ZCTA5CE20":47982,"lon":-87.526799,"lat":40.198151,"bw":-87.5308,"bs":40.1939,"be":-87.5217,"bn":40.2008}},
{"type":"Feature","geometry":{"type":"Point","coordinates":[-81.03172,34.93944]},"properties":{"ZCTA5CE20":29733,"lon":-81.03172,"lat":34.939444,"bw":-81.0361,"bs":34.9356,"be":-81.0278,"bn":34.9432}},
{"type":"Feature","geometry":{"type":"Point","coordinates":[-123.02724,46.73948]},"properties":{"ZCTA5CE20":98544,"lon":-123.027236,"lat":46.739476,"bw":-123.0302,"bs":46.7356,"be":-123.0222,"bn":46.7419}},
{"type":"Feature","geometry":{"type":"Point","coordinates":[-121.64649,36.62471]},"properties":{"ZCTA5CE20":93962,"lon":-121.646492,"lat":36.624714,"bw":-121.6509,"bs":36.6214,"be":-121.642,"bn":36.6278}},
{"type":"Feature","geometry":{"type":"Point","coordinates":[-95.5589,30.69827]},"properties":{"ZCTA5CE20":77341,"lon":-95.558905,"lat":30.698273,"bw":-95.5604,"bs":30.6971,"be":-95.5574,"bn":30.6996}},
{"type":"Feature","geometry":{"type":"Point","coordinates":[-96.38009,32.9366]},"properties":{"ZCTA5CE20":75132,"lon":-96.380091,"lat":32.936601,"bw":-96.384,"bs":32.9335,"be":-96.3762,"bn":32.9446}},
{"type":"Feature","geometry":{"type":"Point","coordinates":[-119.41841,36.34397]},"properties":{"ZCTA5CE20":93227,"lon":-119.418406,"lat":36.343972,"bw":-119.4222,"bs":36.3417,"be":-119.4146,"bn":36.3518}},
{"type":"Feature","geometry":{"type":"Point","coordinates":[-90.808,35.0688]},"properties":{"ZCTA5CE20":72322,"lon":-90.808003,"lat":35.0688,"bw":-90.8135,"bs":35.0667,"be":-90.8025,"bn":35.0711}},
{"type":"Feature","geometry":{"type":"Point","coordinates":[-108.13841,35.53644]},"properties":{"ZCTA5CE20":87365,"lon":-108.138409,"lat":35.536438,"bw":-108.1395,"bs":35.5336,"be":-108.1345,"bn":35.5373}},
{"type":"Feature","geometry":{"type":"Point","coordinates":[-79.9943,35.97128]},"properties":{"ZCTA5CE20":27268,"lon":-79.994304,"lat":35.971275,"bw":-79.998,"bs":35.9686,"be":-79.9914,"bn":35.9746}},
{"type":"Feature","geometry":{"type":"Point","coordinates":[-73.97905,40.75891]},"properties":{"ZCTA5CE20":10112,"lon":-73.979047,"lat":40.758906,"bw":-73.9809,"bs":40.7579,"be":-73.9772,"bn":40.7599}},
{"type":"Feature","geometry":{"type":"Point","coordinates":[-75.59158,40.81134]},"properties":{"ZCTA5CE20":18012,"lon":-75.591584,"lat":40.811342,"bw":-75.5925,"bs":40.81,"be":-75.5902,"bn":40.8128}},
{"type":"Feature","geometry":{"type":"Point","coordinates":[-104.98547,39.74248]},"properties":{"ZCTA5CE20":80264,"lon":-104.985475,"lat":39.742476,"bw":-104.9861,"bs":39.7417,"be":-104.9848,"bn":39.7433}},
{"type":"Feature","geometry":{"type":"Point","coordinates":[-93.28052,37.19981]},"properties":{"ZCTA5CE20":65897,"lon":-93.280521,"lat":37.199807,"bw":-93.2854,"bs":37.1957,"be":-93.276,"bn":37.2041}},
{"type":"Feature","geometry":{"type":"Point","coordinates":[-76.83036,41.70409]},"properties":{"ZCTA5CE20":16910,"lon":-76.830363,"lat":41.704085,"bw":-76.8347,"bs":41.7001,"be":-76.8261,"bn":41.7093}},
{"type":"Feature","geometry":{"type":"Point","coordinates":[-118.20054,33.76824]},"properties":{"ZCTA5CE20":90831,"lon":-118.200544,"lat":33.768241,"bw":-118.2018,"bs":33.7672,"be":-118.1994,"bn":33.7693}},
{"type":"Feature","geometry":{"type":"Point","coordinates":[-118.25143,33.86372]},"properties":{"ZCTA5CE20":90747,"lon":-118.251426,"lat":33.863721,"bw":-118.2526,"bs":33.8625,"be":-118.2502,"bn":33.8653}},
{"type":"Feature","geometry":{"type":"Point","coordinates":[-122.67519,45.51331]},"properties":{"ZCTA5CE20":97258,"lon":-122.675187,"lat":45.51331,"bw":-122.6758,"bs":45.5128,"be":-122.6747,"bn":45.5137}},
{"type":"Feature","geometry":{"type":"Point","coordinates":[-84.50175,33.62313]},"properties":{"ZCTA5CE20":30272,"lon":-84.50175,"lat":33.623132,"bw":-84.5046,"bs":33.6217,"be":-84.4986,"bn":33.6243}},
{"type":"Feature","geometry":{"type":"Point","coordinates":[-111.75929,43.95979]},"properties":{"ZCTA5CE20":83438,"lon":-111.759286,"lat":43.95979,"bw":-111.7605,"bs":43.9558,"be":-111.758,"bn":43.9629}},
{"type":"Feature","geometry":{"type":"Point","coordinates":[-158.05991,21.46023]},"properties":{"ZCTA5CE20":96759,"lon":-158.059909,"lat":21.460229,"bw":-158.0632,"bs":21.4566,"be":-158.056,"bn":21.4633}},
{"type":"Feature","geometry":{"type":"Point","coordinates":[-95.18348,42.72926]},"properties":{"ZCTA5CE20":50592,"lon":-95.183476,"lat":42.729256,"bw":-95.1869,"bs":42.7258,"be":-95.1803,"bn":42.7327}},
{"type":"Feature","geometry":{"type":"Point","coordinates":[-83.49077,41.24336]},"properties":{"ZCTA5CE20":43467,"lon":-83.49077,"lat":41.243357,"bw":-83.4963,"bs":41.2389,"be":-83.4869,"bn":41.2477}},
{"type":"Feature","geometry":{"type":"Point","coordinates":[-87.47353,39.37015]},"properties":{"ZCTA5CE20":47870,"lon":-87.473535,"lat":39.370152,"bw":-87.4742,"bs":39.3696,"be":-87.4728,"bn":39.3707}},
{"type":"Feature","geometry":{"type":"Point","coordinates":[-91.68327,42.29203]},"properties":{"ZCTA5CE20":52344,"lon":-91.683268,"lat":42.292034,"bw":-91.684,"bs":42.2911,"be":-91.6825,"bn":42.2929}},
{"type":"Feature","geometry":{"type":"Point","coordinates":[-73.94985,40.76936]},"properties":{"ZCTA5CE20":10162,"lon":-73.949851,"lat":40.76936,"bw":-73.9519,"bs":40.7683,"be":-73.948,"bn":40.7701}},
{"type":"Feature","geometry":{"type":"Point","coordinates":[-94.60962,39.05576]},"properties":{"ZCTA5CE20":66160,"lon":-94.609624,"lat":39.055764,"bw":-94.6118,"bs":39.0537,"be":-94.6073,"bn":39.0574}},
{"type":"Feature","geometry":{"type":"Point","coordinates":[-77.52388,39.73678]},"properties":{"ZCTA5CE20":17250,"lon":-77.523882,"lat":39.73678,"bw":-77.5255,"bs":39.7356,"be":-77.5198,"bn":39.7382}},
{"type":"Feature","geometry":{"type":"Point","coordinates":[-85.34429,39.43579]},"properties":{"ZCTA5CE20":47225,"lon":-85.344287,"lat":39.435786,"bw":-85.3494,"bs":39.4319,"be":-85.3376,"bn":39.4385}},
{"type":"Feature","geometry":{"type":"Point","coordinates":[-77.02801,38.94136]},"properties":{"ZCTA5CE20":20542,"lon":-77.028012,"lat":38.941357,"bw":-77.0297,"bs":38.9408,"be":-77.0259,"bn":38.9419}},
{"type":"Feature","geometry":{"type":"Point","coordinates":[-99.45739,44.24819]},"properties":{"ZCTA5CE20":57346,"lon":-99.457394,"lat":44.248186,"bw":-99.4637,"bs":44.2442,"be":-99.4509,"bn":44.252}},
{"type":"Feature","geometry":{"type":"Point","coordinates":[-84.77341,43.58632]},"properties":{"ZCTA5CE20":48859,"lon":-84.773413,"lat":43.586317,"bw":-84.7775,"bs":43.5825,"be":-84.769,"bn":43.5899}},
{"type":"Feature","geometry":{"type":"Point","coordinates":[-85.17002,38.43265]},"properties":{"ZCTA5CE20":40058,"lon":-85.17002,"lat":38.432651,"bw":-85.1721,"bs":38.4318,"be":-85.168,"bn":38.4335}},
{"type":"Feature","geometry":{"type":"Point","coordinates":[-94.84084,30.45123]},"properties":{"ZCTA5CE20":77368,"lon":-94.840844,"lat":30.451225,"bw":-94.8445,"bs":30.4458,"be":-94.8363,"bn":30.4541}},
{"type":"Feature","geometry":{"type":"Point","coordinates":[-86.95776,39.31307]},"properties":{"ZCTA5CE20":47455,"lon":-86.957757,"lat":39.313071,"bw":-86.9587,"bs":39.3105,"be":-86.9513,"bn":39.3144}},
{"type":"Feature","geometry":{"type":"Point","coordinates":[-112.03895,46.60132]},"properties":{"ZCTA5CE20":59625,"lon":-112.038946,"lat":46.601319,"bw":-112.0413,"bs":46.5982,"be":-112.0359,"bn":46.6052}},
{"type":"Feature","geometry":{"type":"Point","coordinates":[-72.48763,41.98449]},"properties":{"ZCTA5CE20":6072,"lon":-72.487631,"lat":41.984486,"bw":-72.4906,"bs":41.9827,"be":-72.4841,"bn":41.9861}},
{"type":"Feature","geometry":{"type":"Point","coordinates":[-82.92366,40.01765]},"properties":{"ZCTA5CE20":43218,"lon":-82.923664,"lat":40.017646,"bw":-82.9261,"bs":40.0141,"be":-82.9214,"bn":40.0209}},
{"type":"Feature","geometry":{"type":"Point","coordinates":[-77.01044,38.92804]},"properties":{"ZCTA5CE20":20422,"lon":-77.010437,"lat":38.928042,"bw":-77.0122,"bs":38.9224,"be":-77.007,"bn":38.9312}},
{"type":"Feature","geometry":{"type":"Point","coordinates":[-157.8142,21.30333]},"properties":{"ZCTA5CE20":96848,"lon":-157.814198,"lat":21.303334,"bw":-157.818,"bs":21.296,"be":-157.812,"bn":21.3054}},
{"type":"Feature","geometry":{"type":"Point","coordinates":[-116.20604,43.60487]},"properties":{"ZCTA5CE20":83725,"lon":-116.206038,"lat":43.604867,"bw":-116.2095,"bs":43.6023,"be":-116.2015,"bn":43.6078}},
{"type":"Feature","geometry":{"type":"Point","coordinates":[-118.25891,33.9783]},"properties":{"ZCTA5CE20":90052,"lon":-118.258908,"lat":33.978304,"bw":-118.2614,"bs":33.9748,"be":-118.2564,"bn":33.9819}},
{"type":"Feature","geometry":{"type":"Point","coordinates":[-77.00689,38.89279]},"properties":{"ZCTA5CE20":20510,"lon":-77.00689,"lat":38.892785,"bw":-77.0082,"bs":38.892,"be":-77.0059,"bn":38.8936}},
{"type":"Feature","geometry":{"type":"Point","coordinates":[-76.60503,39.29244]},"properties":{"ZCTA5CE20":21233,"lon":-76.605028,"lat":39.29244,"bw":-76.607,"bs":39.2909,"be":-76.603,"bn":39.2943}},
{"type":"Feature","geometry":{"type":"Point","coordinates":[-77.55301,42.90587]},"properties":{"ZCTA5CE20":14585,"lon":-77.553012,"lat":42.905868,"bw":-77.558,"bs":42.9023,"be":-77.5486,"bn":42.9092}},
{"type":"Feature","geometry":{"type":"Point","coordinates":[-96.75159,46.86669]},"properties":{"ZCTA5CE20":56563,"lon":-96.751587,"lat":46.866693,"bw":-96.7628,"bs":46.8651,"be":-96.7478,"bn":46.8693}},
{"type":"Feature","geometry":{"type":"Point","coordinates":[-77.02668,40.07523]},"properties":{"ZCTA5CE20":17323,"lon":-77.026676,"lat":40.07523,"bw":-77.0293,"bs":40.0723,"be":-77.0243,"bn":40.0778}},
{"type":"Feature","geometry":{"type":"Point","coordinates":[-73.97588,40.75496]},"properties":{"ZCTA5CE20":10177,"lon":-73.975878,"lat":40.754956,"bw":-73.9765,"bs":40.7547,"be":-73.9754,"bn":40.7553}},
{"type":"Feature","geometry":{"type":"Point","coordinates":[-83.25492,36.85695]},"properties":{"ZCTA5CE20":40801,"lon":-83.254918,"lat":36.856945,"bw":-83.2621,"bs":36.853,"be":-83.2498,"bn":36.8598}},
{"type":"Feature","geometry":{"type":"Point","coordinates":[-70.0053,41.2575]},"properties":{"ZCTA5CE20":2584,"lon":-70.005303,"lat":41.257498,"bw":-70.0112,"bs":41.2543,"be":-69.9991,"bn":41.2606}},
{"type":"Feature","geometry":{"type":"Point","coordinates":[-94.98405,41.14168]},"properties":{"ZCTA5CE20":50847,"lon":-94.984049,"lat":41.14168,"bw":-94.989,"bs":41.1374,"be":-94.9761,"bn":41.1447}},
{"type":"Feature","geometry":{"type":"Point","coordinates":[-90.14069,36.4545]},"properties":{"ZCTA5CE20":72464,"lon":-90.140687,"lat":36.454501,"bw":-90.1463,"bs":36.4527,"be":-90.1396,"bn":36.4555}},
{"type":"Feature","geometry":{"type":"Point","coordinates":[-85.05194,35.04766]},"properties":{"ZCTA5CE20":37315,"lon":-85.051945,"lat":35.047664,"bw":-85.0541,"bs":35.0412,"be":-85.0475,"bn":35.0523}},
{"type":"Feature","geometry":{"type":"Point","coordinates":[-68.66744,44.56446]},"properties":{"ZCTA5CE20":4431,"lon":-68.667443,"lat":44.564461,"bw":-68.6771,"bs":44.5616,"be":-68.6622,"bn":44.5676}},
{"type":"Feature","geometry":{"type":"Point","coordinates":[-75.16083,39.95986]},"properties":{"ZCTA5CE20":19108,"lon":-75.160826,"lat":39.959864,"bw":-75.162,"bs":39.9593,"be":-75.1597,"bn":39.9604}},
{"type":"Feature","geometry":{"type":"Point","coordinates":[-74.81891,39.17607]},"properties":{"ZCTA5CE20":8245,"lon":-74.818911,"lat":39.17607,"bw":-74.8204,"bs":39.1736,"be":-74.8176,"bn":39.1801}},
{"type":"Feature","geometry":{"type":"Point","coordinates":[-75.98141,40.98976]},"properties":{"ZCTA5CE20":18239,"lon":-75.981406,"lat":40.989759,"bw":-75.9845,"bs":40.9888,"be":-75.9782,"bn":40.9909}},
{"type":"Feature","geometry":{"type":"Point","coordinates":[-77.01696,38.86704]},"properties":{"ZCTA5CE20":20319,"lon":-77.016959,"lat":38.867039,"bw":-77.0192,"bs":38.8612,"be":-77.0143,"bn":38.872}},
{"type":"Feature","geometry":{"type":"Point","coordinates":[-90.33131,32.33558]},"properties":{"ZCTA5CE20":39058,"lon":-90.331309,"lat":32.335575,"bw":-90.3372,"bs":32.3332,"be":-90.3274,"bn":32.3393}},
{"type":"Feature","geometry":{"type":"Point","coordinates":[-74.73503,44.97416]},"properties":{"ZCTA5CE20":13683,"lon":-74.735026,"lat":44.974156,"bw":-74.7402,"bs":44.9692,"be":-74.7305,"bn":44.9786}},
{"type":"Feature","geometry":{"type":"Point","coordinates":[-76.0041,40.48656]},"properties":{"ZCTA5CE20":19516,"lon":-76.004102,"lat":40.486562,"bw":-76.01,"bs":40.4835,"be":-76.0021,"bn":40.4896}},
{"type":"Feature","geometry":{"type":"Point","coordinates":[-77.04419,38.89895]},"properties":{"ZCTA5CE20":20431,"lon":-77.044187,"lat":38.898951,"bw":-77.0449,"bs":38.8983,"be":-77.0435,"bn":38.8996}},
{"type":"Feature","geometry":{"type":"Point","coordinates":[-157.92071,21.33633]},"properties":{"ZCTA5CE20":96820,"lon":-157.920706,"lat":21.336327,"bw":-157.9232,"bs":21.3343,"be":-157.9183,"bn":21.3382}},
{"type":"Feature","geometry":{"type":"Point","coordinates":[-89.27756,41.74765]},"properties":{"ZCTA5CE20":61331,"lon":-89.277559,"lat":41.747651,"bw":-89.2816,"bs":41.7461,"be":-89.2737,"bn":41.7496}},
{"type":"Feature","geometry":{"type":"Point","coordinates":[-114.32242,43.67018]},"properties":{"ZCTA5CE20":83354,"lon":-114.322423,"lat":43.670178,"bw":-114.3256,"bs":43.6671,"be":-114.3205,"bn":43.6722}},
{"type":"Feature","geometry":{"type":"Point","coordinates":[-120.97661,39.03941]},"properties":{"ZCTA5CE20":95736,"lon":-120.976607,"lat":39.039412,"bw":-120.9814,"bs":39.0325,"be":-120.9739,"bn":39.0443}},
{"type":"Feature","geometry":{"type":"Point","coordinates":[-76.05283,40.11716]},"properties":{"ZCTA5CE20":17506,"lon":-76.05283,"lat":40.117164,"bw":-76.057,"bs":40.1144,"be":-76.0469,"bn":40.1193}},
{"type":"Feature","geometry":{"type":"Point","coordinates":[-99.47314,40.36835]},"properties":{"ZCTA5CE20":68923,"lon":-99.473139,"lat":40.368352,"bw":-99.4791,"bs":40.3642,"be":-99.4672,"bn":40.3718}},
{"type":"Feature","geometry":{"type":"Point","coordinates":[-96.77021,46.86458]},"properties":{"ZCTA5CE20":56562,"lon":-96.77021,"lat":46.86458,"bw":-96.7725,"bs":46.8621,"be":-96.7681,"bn":46.8672}},
{"type":"Feature","geometry":{"type":"Point","coordinates":[-82.21586,39.95147]},"properties":{"ZCTA5CE20":43740,"lon":-82.215856,"lat":39.951471,"bw":-82.2242,"bs":39.9486,"be":-82.2119,"bn":39.9553}},
{"type":"Feature","geometry":{"type":"Point","coordinates":[-76.3387,37.02059]},"properties":{"ZCTA5CE20":23668,"lon":-76.338701,"lat":37.020594,"bw":-76.3418,"bs":37.0179,"be":-76.3359,"bn":37.0221}},
{"type":"Feature","geometry":{"type":"Point","coordinates":[-94.839,37.00048]},"properties":{"ZCTA5CE20":66778,"lon":-94.838996,"lat":37.000484,"bw":-94.8467,"bs":36.9988,"be":-94.8315,"bn":37.0022}},
{"type":"Feature","geometry":{"type":"Point","coordinates":[-83.26276,40.35256]},"properties":{"ZCTA5CE20":43036,"lon":-83.262762,"lat":40.352558,"bw":-83.2699,"bs":40.3483,"be":-83.2591,"bn":40.3564}},
{"type":"Feature","geometry":{"type":"Point","coordinates":[-93.77552,39.84864]},"properties":{"ZCTA5CE20":64654,"lon":-93.775522,"lat":39.848637,"bw":-93.7786,"bs":39.8465,"be":-93.7717,"bn":39.8521}},
{"type":"Feature","geometry":{"type":"Point","coordinates":[-70.15584,44.65984]},"properties":{"ZCTA5CE20":4992,"lon":-70.155843,"lat":44.659835,"bw":-70.1633,"bs":44.6565,"be":-70.1531,"bn":44.6625}},
{"type":"Feature","geometry":{"type":"Point","coordinates":[-157.88338,21.34457]},"properties":{"ZCTA5CE20":96858,"lon":-157.883384,"lat":21.344572,"bw":-157.8843,"bs":21.3435,"be":-157.8823,"bn":21.3457}},
{"type":"Feature","geometry":{"type":"Point","coordinates":[-72.39179,43.1323]},"properties":{"ZCTA5CE20":3604,"lon":-72.391789,"lat":43.132301,"bw":-72.3952,"bs":43.1306,"be":-72.3851,"bn":43.1335}},
{"type":"Feature","geometry":{"type":"Point","coordinates":[-87.32216,38.7439]},"properties":{"ZCTA5CE20":47573,"lon":-87.322161,"lat":38.743902,"bw":-87.3241,"bs":38.7425,"be":-87.3191,"bn":38.7457}},
{"type":"Feature","geometry":{"type":"Point","coordinates":[-80.55084,37.13833]},"properties":{"ZCTA5CE20":24142,"lon":-80.550838,"lat":37.138326,"bw":-80.5537,"bs":37.134,"be":-80.5471,"bn":37.1418}},
{"type":"Feature","geometry":{"type":"Point","coordinates":[-76.02238,41.31562]},"properties":{"ZCTA5CE20":18627,"lon":-76.022384,"lat":41.315616,"bw":-76.0232,"bs":41.3149,"be":-76.0215,"bn":41.3163}},
{"type":"Feature","geometry":{"type":"Point","coordinates":[-77.41002,39.40887]},"properties":{"ZCTA5CE20":21705,"lon":-77.410018,"lat":39.408869,"bw":-77.4118,"bs":39.4078,"be":-77.4083,"bn":39.41}},
{"type":"Feature","geometry":{"type":"Point","coordinates":[-103.69129,39.21875]},"properties":{"ZCTA5CE20":80826,"lon":-103.691293,"lat":39.218745,"bw":-103.6957,"bs":39.2149,"be":-103.6868,"bn":39.2226}},
{"type":"Feature","geometry":{"type":"Point","coordinates":[-82.5125,40.76393]},"properties":{"ZCTA5CE20":44901,"lon":-82.512505,"lat":40.763933,"bw":-82.5138,"bs":40.7628,"be":-82.5112,"bn":40.765}},
{"type":"Feature","geometry":{"type":"Point","coordinates":[-93.05177,34.12631]},"properties":{"ZCTA5CE20":71998,"lon":-93.051773,"lat":34.12631,"bw":-93.057,"bs":34.1234,"be":-93.0493,"bn":34.1284}},
{"type":"Feature","geometry":{"type":"Point","coordinates":[-83.58774,39.5929]},"properties":{"ZCTA5CE20":43142,"lon":-83.587737,"lat":39.592895,"bw":-83.5901,"bs":39.5895,"be":-83.5858,"bn":39.5968}},
{"type":"Feature","geometry":{"type":"Point","coordinates":[-94.4618,41.03992]},"properties":{"ZCTA5CE20":50842,"lon":-94.461801,"lat":41.039917,"bw":-94.4665,"bs":41.0361,"be":-94.4569,"bn":41.0448}},
{"type":"Feature","geometry":{"type":"Point","coordinates":[-86.77247,40.28523]},"properties":{"ZCTA5CE20":47983,"lon":-86.772469,"lat":40.285227,"bw":-86.7773,"bs":40.2827,"be":-86.7699,"bn":40.2912}},
{"type":"Feature","geometry":{"type":"Point","coordinates":[-80.225,36.08919]},"properties":{"ZCTA5CE20":27110,"lon":-80.225001,"lat":36.089193,"bw":-80.2294,"bs":36.0858,"be":-80.2192,"bn":36.0931}},
{"type":"Feature","geometry":{"type":"Point","coordinates":[-103.5172,41.78177]},"properties":{"ZCTA5CE20":69355,"lon":-103.517197,"lat":41.781766,"bw":-103.5191,"bs":41.7787,"be":-103.5128,"bn":41.7856}},
{"type":"Feature","geometry":{"type":"Point","coordinates":[-82.83148,40.46314]},"properties":{"ZCTA5CE20":43321,"lon":-82.831485,"lat":40.463139,"bw":-82.8358,"bs":40.4612,"be":-82.8193,"bn":40.4659}},
{"type":"Feature","geometry":{"type":"Point","coordinates":[-81.96857,34.96684]},"properties":{"ZCTA5CE20":29378,"lon":-81.96857,"lat":34.96684,"bw":-81.9735,"bs":34.9638,"be":-81.9646,"bn":34.9689}},
{"type":"Feature","geometry":{"type":"Point","coordinates":[-81.23944,40.05813]},"properties":{"ZCTA5CE20":43736,"lon":-81.239445,"lat":40.058126,"bw":-81.2405,"bs":40.0555,"be":-81.2301,"bn":40.0604}},
{"type":"Feature","geometry":{"type":"Point","coordinates":[-75.52612,42.61682]},"properties":{"ZCTA5CE20":13814,"lon":-75.526122,"lat":42.616821,"bw":-75.5275,"bs":42.6113,"be":-75.5215,"bn":42.6183}},
{"type":"Feature","geometry":{"type":"Point","coordinates":[-79.79616,40.31232]},"properties":{"ZCTA5CE20":15047,"lon":-79.796162,"lat":40.312318,"bw":-79.8003,"bs":40.3083,"be":-79.7902,"bn":40.3167}},
{"type":"Feature","geometry":{"type":"Point","coordinates":[-77.90124,40.24232]},"properties":{"ZCTA5CE20":17249,"lon":-77.901238,"lat":40.24232,"bw":-77.9045,"bs":40.2374,"be":-77.8942,"bn":40.2462}},
{"type":"Feature","geometry":{"type":"Point","coordinates":[-72.73386,42.83852]},"properties":{"ZCTA5CE20":5344,"lon":-72.733863,"lat":42.838518,"bw":-72.7383,"bs":42.8357,"be":-72.7254,"bn":42.8416}},
{"type":"Feature","geometry":{"type":"Point","coordinates":[-78.5296,42.76395]},"properties":{"ZCTA5CE20":14169,"lon":-78.529602,"lat":42.76395,"bw":-78.5333,"bs":42.7606,"be":-78.5243,"bn":42.7684}},
{"type":"Feature","geometry":{"type":"Point","coordinates":[-83.34876,39.17287]},"properties":{"ZCTA5CE20":45624,"lon":-83.34876,"lat":39.172874,"bw":-83.3502,"bs":39.1716,"be":-83.3472,"bn":39.1745}},
{"type":"Feature","geometry":{"type":"Point","coordinates":[-81.26149,37.80164]},"properties":{"ZCTA5CE20":25851,"lon":-81.261494,"lat":37.80164,"bw":-81.2664,"bs":37.7972,"be":-81.2566,"bn":37.8054}},
{"type":"Feature","geometry":{"type":"Point","coordinates":[-121.85021,39.72578]},"properties":{"ZCTA5CE20":95929,"lon":-121.850212,"lat":39.725781,"bw":-121.8512,"bs":39.7248,"be":-121.8491,"bn":39.7268}},
{"type":"Feature","geometry":{"type":"Point","coordinates":[-122.62006,44.79134]},"properties":{"ZCTA5CE20":97384,"lon":-122.620061,"lat":44.791343,"bw":-122.6219,"bs":44.7895,"be":-122.6182,"bn":44.7925}},
{"type":"Feature","geometry":{"type":"Point","coordinates":[-111.65467,35.19174]},"properties":{"ZCTA5CE20":86011,"lon":-111.654672,"lat":35.191735,"bw":-111.6574,"bs":35.1849,"be":-111.651,"bn":35.1944}},
{"type":"Feature","geometry":{"type":"Point","coordinates":[-111.65327,40.25371]},"properties":{"ZCTA5CE20":84602,"lon":-111.653273,"lat":40.25371,"bw":-111.6561,"bs":40.2506,"be":-111.6432,"bn":40.2567}},
{"type":"Feature","geometry":{"type":"Point","coordinates":[-80.43688,35.68025]},"properties":{"ZCTA5CE20":28039,"lon":-80.436877,"lat":35.68025,"bw":-80.4393,"bs":35.6771,"be":-80.4334,"bn":35.684}},
{"type":"Feature","geometry":{"type":"Point","coordinates":[-86.44815,41.36298]},"properties":{"ZCTA5CE20":46513,"lon":-86.448155,"lat":41.362983,"bw":-86.4549,"bs":41.3606,"be":-86.4431,"bn":41.3644}},
{"type":"Feature","geometry":{"type":"Point","coordinates":[-76.99478,38.87183]},"properties":{"ZCTA5CE20":20388,"lon":-76.994783,"lat":38.871834,"bw":-76.9995,"bs":38.8701,"be":-76.9901,"bn":38.8738}},
{"type":"Feature","geometry":{"type":"Point","coordinates":[-71.08198,42.3474]},"properties":{"ZCTA5CE20":2199,"lon":-71.081979,"lat":42.3474,"bw":-71.0856,"bs":42.3454,"be":-71.0787,"bn":42.3495}},
{"type":"Feature","geometry":{"type":"Point","coordinates":[-69.51521,44.48037]},"properties":{"ZCTA5CE20":4926,"lon":-69.515206,"lat":44.480366,"bw":-69.5182,"bs":44.4779,"be":-69.512,"bn":44.4829}},
{"type":"Feature","geometry":{"type":"Point","coordinates":[-84.90101,43.52127]},"properties":{"ZCTA5CE20":48896,"lon":-84.901008,"lat":43.521272,"bw":-84.906,"bs":43.5167,"be":-84.8958,"bn":43.5252}},
{"type":"Feature","geometry":{"type":"Point","coordinates":[-85.76928,39.85657]},"properties":{"ZCTA5CE20":46154,"lon":-85.769285,"lat":39.85657,"bw":-85.7739,"bs":39.8549,"be":-85.7677,"bn":39.8577}},
{"type":"Feature","geometry":{"type":"Point","coordinates":[-101.84201,33.58124]},"properties":{"ZCTA5CE20":79402,"lon":-101.842015,"lat":33.581242,"bw":-101.8432,"bs":33.5808,"be":-101.8408,"bn":33.5817}},
{"type":"Feature","geometry":{"type":"Point","coordinates":[-77.19166,36.51878]},"properties":{"ZCTA5CE20":27877,"lon":-77.191659,"lat":36.518776,"bw":-77.1988,"bs":36.5132,"be":-77.1878,"bn":36.5223}},
{"type":"Feature","geometry":{"type":"Point","coordinates":[-157.93858,21.33402]},"properties":{"ZCTA5CE20":96853,"lon":-157.938576,"lat":21.334017,"bw":-157.9448,"bs":21.3313,"be":-157.9354,"bn":21.3391}},
{"type":"Feature","geometry":{"type":"Point","coordinates":[-73.35905,42.63042]},"properties":{"ZCTA5CE20":12040,"lon":-73.359052,"lat":42.63042,"bw":-73.3627,"bs":42.627,"be":-73.3568,"bn":42.6343}},
{"type":"Feature","geometry":{"type":"Point","coordinates":[-84.85173,39.74119]},"properties":{"ZCTA5CE20":47324,"lon":-84.851731,"lat":39.74119,"bw":-84.8559,"bs":39.7375,"be":-84.8475,"bn":39.7448}},
{"type":"Feature","geometry":{"type":"Point","coordinates":[-89.6554,39.79789]},"properties":{"ZCTA5CE20":62706,"lon":-89.655397,"lat":39.797885,"bw":-89.6575,"bs":39.7962,"be":-89.6534,"bn":39.7996}},
{"type":"Feature","geometry":{"type":"Point","coordinates":[-93.20657,33.89089]},"properties":{"ZCTA5CE20":71721,"lon":-93.206567,"lat":33.890886,"bw":-93.2103,"bs":33.887,"be":-93.2012,"bn":33.8948}},
{"type":"Feature","geometry":{"type":"Point","coordinates":[-82.49567,35.37487]},"properties":{"ZCTA5CE20":28758,"lon":-82.495666,"lat":35.374869,"bw":-82.4964,"bs":35.3741,"be":-82.4946,"bn":35.3757}},
{"type":"Feature","geometry":{"type":"Point","coordinates":[-76.80591,35.1454]},"properties":{"ZCTA5CE20":28509,"lon":-76.805911,"lat":35.1454,"bw":-76.8088,"bs":35.1444,"be":-76.805,"bn":35.1461}},
{"type":"Feature","geometry":{"type":"Point","coordinates":[-85.26068,39.86127]},"properties":{"ZCTA5CE20":47366,"lon":-85.260678,"lat":39.86127,"bw":-85.2638,"bs":39.8578,"be":-85.2581,"bn":39.8637}},
{"type":"Feature","geometry":{"type":"Point","coordinates":[-84.29059,37.57312]},"properties":{"ZCTA5CE20":40404,"lon":-84.290594,"lat":37.573124,"bw":-84.2939,"bs":37.5684,"be":-84.2862,"bn":37.578}},
{"type":"Feature","geometry":{"type":"Point","coordinates":[-92.21494,34.53104]},"properties":{"ZCTA5CE20":72180,"lon":-92.214945,"lat":34.531036,"bw":-92.2204,"bs":34.5274,"be":-92.211,"bn":34.5331}},
{"type":"Feature","geometry":{"type":"Point","coordinates":[-97.03856,34.28407]},"properties":{"ZCTA5CE20":73436,"lon":-97.038564,"lat":34.284065,"bw":-97.0426,"bs":34.2779,"be":-97.035,"bn":34.2897}},
{"type":"Feature","geometry":{"type":"Point","coordinates":[-75.27849,42.20445]},"properties":{"ZCTA5CE20":13847,"lon":-75.278491,"lat":42.20445,"bw":-75.2798,"bs":42.2026,"be":-75.2752,"bn":42.2065}},
{"type":"Feature","geometry":{"type":"Point","coordinates":[-77.02493,38.89514]},"properties":{"ZCTA5CE20":20535,"lon":-77.02493,"lat":38.895137,"bw":-77.026,"bs":38.8939,"be":-77.024,"bn":38.8961}},
{"type":"Feature","geometry":{"type":"Point","coordinates":[-105.17178,40.10305]},"properties":{"ZCTA5CE20":80544,"lon":-105.171777,"lat":40.103054,"bw":-105.1756,"bs":40.1016,"be":-105.169,"bn":40.1059}},
{"type":"Feature","geometry":{"type":"Point","coordinates":[-93.27119,44.97608]},"properties":{"ZCTA5CE20":55402,"lon":-93.271187,"lat":44.97608,"bw":-93.277,"bs":44.9717,"be":-93.2665,"bn":44.9805}},
{"type":"Feature","geometry":{"type":"Point","coordinates":[-87.91206,42.49245]},"properties":{"ZCTA5CE20":60075,"lon":-87.912059,"lat":42.492448,"bw":-87.9195,"bs":42.4905,"be":-87.9029,"bn":42.4941}},
{"type":"Feature","geometry":{"type":"Point","coordinates":[-75.23586,40.18455]},"properties":{"ZCTA5CE20":19477,"lon":-75.235856,"lat":40.184554,"bw":-75.2395,"bs":40.1823,"be":-75.2312,"bn":40.1872}},
{"type":"Feature","geometry":{"type":"Point","coordinates":[-111.95687,43.59548]},"properties":{"ZCTA5CE20":83454,"lon":-111.956875,"lat":43.595478,"bw":-111.9638,"bs":43.5902,"be":-111.9508,"bn":43.5975}},
{"type":"Feature","geometry":{"type":"Point","coordinates":[-90.40638,40.93999]},"properties":{"ZCTA5CE20":61402,"lon":-90.406378,"lat":40.939991,"bw":-90.4093,"bs":40.9371,"be":-90.4027,"bn":40.9419}},
{"type":"Feature","geometry":{"type":"Point","coordinates":[-118.12125,33.7845]},"properties":{"ZCTA5CE20":90840,"lon":-118.121255,"lat":33.7845,"bw":-118.1235,"bs":33.782,"be":-118.1191,"bn":33.7872}},
{"type":"Feature","geometry":{"type":"Point","coordinates":[-85.38493,40.00415]},"properties":{"ZCTA5CE20":47361,"lon":-85.384926,"lat":40.004154,"bw":-85.3874,"bs":40.0027,"be":-85.3821,"bn":40.0063}},
{"type":"Feature","geometry":{"type":"Point","coordinates":[-88.84904,35.87525]},"properties":{"ZCTA5CE20":38338,"lon":-88.849044,"lat":35.875251,"bw":-88.852,"bs":35.87,"be":-88.8444,"bn":35.8788}},
{"type":"Feature","geometry":{"type":"Point","coordinates":[-122.44391,47.1458]},"properties":{"ZCTA5CE20":98447,"lon":-122.443915,"lat":47.145798,"bw":-122.4503,"bs":47.1419,"be":-122.4397,"bn":47.1477}},
{"type":"Feature","geometry":{"type":"Point","coordinates":[-85.26353,37.70954]},"properties":{"ZCTA5CE20":40061,"lon":-85.263529,"lat":37.709538,"bw":-85.2692,"bs":37.7069,"be":-85.2578,"bn":37.7122}},
{"type":"Feature","geometry":{"type":"Point","coordinates":[-81.48217,38.41181]},"properties":{"ZCTA5CE20":25156,"lon":-81.482169,"lat":38.411806,"bw":-81.4844,"bs":38.4099,"be":-81.4804,"bn":38.4134}},
{"type":"Feature","geometry":{"type":"Point","coordinates":[-74.01302,40.70946]},"properties":{"ZCTA5CE20":10006,"lon":-74.013019,"lat":40.709456,"bw":-74.016,"bs":40.7048,"be":-74.01,"bn":40.7137}},
{"type":"Feature","geometry":{"type":"Point","coordinates":[-81.18759,40.76315]},"properties":{"ZCTA5CE20":44670,"lon":-81.187595,"lat":40.76315,"bw":-81.1966,"bs":40.761,"be":-81.1827,"bn":40.7658}},
{"type":"Feature","geometry":{"type":"Point","coordinates":[-110.94555,32.24074]},"properties":{"ZCTA5CE20":85724,"lon":-110.945546,"lat":32.240739,"bw":-110.9468,"bs":32.2387,"be":-110.944,"bn":32.2432}},
{"type":"Feature","geometry":{"type":"Point","coordinates":[-80.11329,34.28942]},"properties":{"ZCTA5CE20":29079,"lon":-80.113285,"lat":34.289417,"bw":-80.1173,"bs":34.286,"be":-80.1094,"bn":34.2923}},
{"type":"Feature","geometry":{"type":"Point","coordinates":[-90.26541,43.68384]},"properties":{"ZCTA5CE20":53962,"lon":-90.265412,"lat":43.683839,"bw":-90.2661,"bs":43.681,"be":-90.2636,"bn":43.6858}},
{"type":"Feature","geometry":{"type":"Point","coordinates":[-73.99582,40.7515]},"properties":{"ZCTA5CE20":10199,"lon":-73.995822,"lat":40.751497,"bw":-74.0014,"bs":40.7502,"be":-73.9939,"bn":40.7527}},
{"type":"Feature","geometry":{"type":"Point","coordinates":[-119.79588,36.76731]},"properties":{"ZCTA5CE20":93741,"lon":-119.795883,"lat":36.767313,"bw":-119.7996,"bs":36.765,"be":-119.7914,"bn":36.7722}},
{"type":"Feature","geometry":{"type":"Point","coordinates":[-80.35898,40.38009]},"properties":{"ZCTA5CE20":15053,"lon":-80.358985,"lat":40.380087,"bw":-80.365,"bs":40.3766,"be":-80.3543,"bn":40.3843}},
{"type":"Feature","geometry":{"type":"Point","coordinates":[-75.89495,39.98161]},"properties":{"ZCTA5CE20":19369,"lon":-75.894948,"lat":39.981611,"bw":-75.8976,"bs":39.9784,"be":-75.8917,"bn":39.983}},
{"type":"Feature","geometry":{"type":"Point","coordinates":[-87.24639,39.57349]},"properties":{"ZCTA5CE20":47851,"lon":-87.246386,"lat":39.573485,"bw":-87.2477,"bs":39.5721,"be":-87.2435,"bn":39.5747}},
{"type":"Feature","geometry":{"type":"Point","coordinates":[-74.87635,40.96701]},"properties":{"ZCTA5CE20":7846,"lon":-74.87635,"lat":40.96701,"bw":-74.8807,"bs":40.9639,"be":-74.8733,"bn":40.9703}},
{"type":"Feature","geometry":{"type":"Point","coordinates":[-76.53491,43.1642]},"properties":{"ZCTA5CE20":13113,"lon":-76.534907,"lat":43.164199,"bw":-76.537,"bs":43.1629,"be":-76.5313,"bn":43.1657}},
{"type":"Feature","geometry":{"type":"Point","coordinates":[-120.07141,39.23853]},"properties":{"ZCTA5CE20":95604,"lon":-120.071408,"lat":39.238525,"bw":-120.0749,"bs":39.236,"be":-120.0679,"bn":39.2406}},
{"type":"Feature","geometry":{"type":"Point","coordinates":[-116.19972,43.61771]},"properties":{"ZCTA5CE20":83720,"lon":-116.199725,"lat":43.617706,"bw":-116.2013,"bs":43.6167,"be":-116.1982,"bn":43.6187}},
{"type":"Feature","geometry":{"type":"Point","coordinates":[-81.87821,35.23904]},"properties":{"ZCTA5CE20":28074,"lon":-81.878209,"lat":35.239043,"bw":-81.8827,"bs":35.2358,"be":-81.8751,"bn":35.2433}},
{"type":"Feature","geometry":{"type":"Point","coordinates":[-94.12982,37.1938]},"properties":{"ZCTA5CE20":64833,"lon":-94.129818,"lat":37.193802,"bw":-94.1323,"bs":37.1881,"be":-94.1274,"bn":37.1996}},
{"type":"Feature","geometry":{"type":"Point","coordinates":[-77.02615,38.89016]},"properties":{"ZCTA5CE20":20560,"lon":-77.026147,"lat":38.890157,"bw":-77.0337,"bs":38.8876,"be":-77.0219,"bn":38.8921}},
{"type":"Feature","geometry":{"type":"Point","coordinates":[-76.29619,40.41669]},"properties":{"ZCTA5CE20":19544,"lon":-76.296186,"lat":40.41669,"bw":-76.3007,"bs":40.413,"be":-76.2914,"bn":40.4208}},
{"type":"Feature","geometry":{"type":"Point","coordinates":[-87.5217,39.66523]},"properties":{"ZCTA5CE20":47831,"lon":-87.521697,"lat":39.665229,"bw":-87.5231,"bs":39.6642,"be":-87.5207,"bn":39.6673}},
{"type":"Feature","geometry":{"type":"Point","coordinates":[-79.40146,40.26525]},"properties":{"ZCTA5CE20":15638,"lon":-79.401462,"lat":40.265249,"bw":-79.4074,"bs":40.2607,"be":-79.3947,"bn":40.2675}},
{"type":"Feature","geometry":{"type":"Point","coordinates":[-94.60483,44.32478]},"properties":{"ZCTA5CE20":56030,"lon":-94.604832,"lat":44.324784,"bw":-94.6065,"bs":44.3235,"be":-94.6031,"bn":44.3261}},
{"type":"Feature","geometry":{"type":"Point","coordinates":[-82.79904,33.55786]},"properties":{"ZCTA5CE20":30664,"lon":-82.799037,"lat":33.55786,"bw":-82.8036,"bs":33.5529,"be":-82.7944,"bn":33.5633}},
{"type":"Feature","geometry":{"type":"Point","coordinates":[-99.3201,38.65518]},"properties":{"ZCTA5CE20":67553,"lon":-99.320103,"lat":38.655181,"bw":-99.3282,"bs":38.6509,"be":-99.3143,"bn":38.6567}},
{"type":"Feature","geometry":{"type":"Point","coordinates":[-91.01686,39.18409]},"properties":{"ZCTA5CE20":63387,"lon":-91.016862,"lat":39.18409,"bw":-91.0207,"bs":39.1806,"be":-91.0124,"bn":39.1865}},
{"type":"Feature","geometry":{"type":"Point","coordinates":[-82.30758,27.97885]},"properties":{"ZCTA5CE20":33550,"lon":-82.307578,"lat":27.978852,"bw":-82.3082,"bs":27.9778,"be":-82.3056,"bn":27.9815}},
{"type":"Feature","geometry":{"type":"Point","coordinates":[-111.88966,40.77045]},"properties":{"ZCTA5CE20":84150,"lon":-111.889664,"lat":40.770451,"bw":-111.894,"bs":40.7693,"be":-111.8882,"bn":40.7737}},
{"type":"Feature","geometry":{"type":"Point","coordinates":[-74.0088,40.70656]},"properties":{"ZCTA5CE20":10005,"lon":-74.008797,"lat":40.706558,"bw":-74.0125,"bs":40.7032,"be":-74.0047,"bn":40.7093}},
{"type":"Feature","geometry":{"type":"Point","coordinates":[-77.7868,39.29513]},"properties":{"ZCTA5CE20":25432,"lon":-77.786802,"lat":39.295128,"bw":-77.7894,"bs":39.2929,"be":-77.783,"bn":39.2985}},
{"type":"Feature","geometry":{"type":"Point","coordinates":[-77.36269,38.85628]},"properties":{"ZCTA5CE20":22035,"lon":-77.362687,"lat":38.856276,"bw":-77.3647,"bs":38.8542,"be":-77.3607,"bn":38.8586}},
{"type":"Feature","geometry":{"type":"Point","coordinates":[-71.06365,42.35843]},"properties":{"ZCTA5CE20":2133,"lon":-71.063648,"lat":42.358428,"bw":-71.0651,"bs":42.3572,"be":-71.0626,"bn":42.3595}},
{"type":"Feature","geometry":{"type":"Point","coordinates":[-80.26786,35.65977]},"properties":{"ZCTA5CE20":27351,"lon":-80.267861,"lat":35.659766,"bw":-80.2717,"bs":35.6538,"be":-80.2643,"bn":35.665}},
{"type":"Feature","geometry":{"type":"Point","coordinates":[-84.77269,44.32622]},"properties":{"ZCTA5CE20":48630,"lon":-84.772694,"lat":44.326216,"bw":-84.7797,"bs":44.3201,"be":-84.7691,"bn":44.3296}},
{"type":"Feature","geometry":{"type":"Point","coordinates":[-85.04652,43.35256]},"properties":{"ZCTA5CE20":48852,"lon":-85.046517,"lat":43.352556,"bw":-85.0493,"bs":43.3466,"be":-85.0415,"bn":43.3575}},
{"type":"Feature","geometry":{"type":"Point","coordinates":[-72.63504,41.95051]},"properties":{"ZCTA5CE20":6080,"lon":-72.635043,"lat":41.950514,"bw":-72.6414,"bs":41.9478,"be":-72.6281,"bn":41.9528}},
{"type":"Feature","geometry":{"type":"Point","coordinates":[-73.76442,41.37123]},"properties":{"ZCTA5CE20":10542,"lon":-73.764418,"lat":41.371227,"bw":-73.7664,"bs":41.3694,"be":-73.7616,"bn":41.3725}},
{"type":"Feature","geometry":{"type":"Point","coordinates":[-75.65578,42.85428]},"properties":{"ZCTA5CE20":13484,"lon":-75.655778,"lat":42.854278,"bw":-75.6571,"bs":42.8526,"be":-75.6533,"bn":42.8558}},
{"type":"Feature","geometry":{"type":"Point","coordinates":[-82.47077,31.24874]},"properties":{"ZCTA5CE20":31564,"lon":-82.470771,"lat":31.248742,"bw":-82.4742,"bs":31.2475,"be":-82.4682,"bn":31.2504}},
{"type":"Feature","geometry":{"type":"Point","coordinates":[-86.53869,33.34899]},"properties":{"ZCTA5CE20":35185,"lon":-86.538687,"lat":33.34899,"bw":-86.542,"bs":33.3475,"be":-86.5357,"bn":33.3505}},
{"type":"Feature","geometry":{"type":"Point","coordinates":[-79.4237,42.1971]},"properties":{"ZCTA5CE20":14756,"lon":-79.423705,"lat":42.1971,"bw":-79.4255,"bs":42.1956,"be":-79.4217,"bn":42.1987}},
{"type":"Feature","geometry":{"type":"Point","coordinates":[-117.41797,47.75385]},"properties":{"ZCTA5CE20":99251,"lon":-117.417967,"lat":47.753852,"bw":-117.4249,"bs":47.751,"be":-117.4109,"bn":47.7565}},
{"type":"Feature","geometry":{"type":"Point","coordinates":[-77.02026,38.92247]},"properties":{"ZCTA5CE20":20059,"lon":-77.020257,"lat":38.922468,"bw":-77.0226,"bs":38.919,"be":-77.0168,"bn":38.9275}},
{"type":"Feature","geometry":{"type":"Point","coordinates":[-72.34409,43.64729]},"properties":{"ZCTA5CE20":5009,"lon":-72.344093,"lat":43.647293,"bw":-72.3456,"bs":43.6456,"be":-72.3419,"bn":43.6517}},
{"type":"Feature","geometry":{"type":"Point","coordinates":[-92.71651,35.99121]},"properties":{"ZCTA5CE20":72636,"lon":-92.716512,"lat":35.991209,"bw":-92.7205,"bs":35.9874,"be":-92.7131,"bn":35.9947}},
{"type":"Feature","geometry":{"type":"Point","coordinates":[-76.67505,41.05205]},"properties":{"ZCTA5CE20":17884,"lon":-76.675049,"lat":41.052052,"bw":-76.6775,"bs":41.0477,"be":-76.6711,"bn":41.0551}},
{"type":"Feature","geometry":{"type":"Point","coordinates":[-90.82506,40.6959]},"properties":{"ZCTA5CE20":61471,"lon":-90.825064,"lat":40.695901,"bw":-90.8307,"bs":40.6931,"be":-90.8189,"bn":40.6982}},
{"type":"Feature","geometry":{"type":"Point","coordinates":[-103.22492,32.76412]},"properties":{"ZCTA5CE20":88244,"lon":-103.224923,"lat":32.76412,"bw":-103.227,"bs":32.7624,"be":-103.2228,"bn":32.7658}},
{"type":"Feature","geometry":{"type":"Point","coordinates":[-77.0308,38.89674]},"properties":{"ZCTA5CE20":20045,"lon":-77.030803,"lat":38.896735,"bw":-77.032,"bs":38.8961,"be":-77.0296,"bn":38.8973}},
{"type":"Feature","geometry":{"type":"Point","coordinates":[-110.96499,32.18182]},"properties":{"ZCTA5CE20":85723,"lon":-110.964987,"lat":32.181816,"bw":-110.9683,"bs":32.1778,"be":-110.9613,"bn":32.1866}},
{"type":"Feature","geometry":{"type":"Point","coordinates":[-78.5044,41.25799]},"properties":{"ZCTA5CE20":15841,"lon":-78.5044,"lat":41.257989,"bw":-78.508,"bs":41.253,"be":-78.4998,"bn":41.2627}},
{"type":"Feature","geometry":{"type":"Point","coordinates":[-86.24561,32.40483]},"properties":{"ZCTA5CE20":36114,"lon":-86.245607,"lat":32.404829,"bw":-86.2482,"bs":32.4027,"be":-86.2446,"bn":32.4067}},
{"type":"Feature","geometry":{"type":"Point","coordinates":[-92.67339,42.34457]},"properties":{"ZCTA5CE20":50657,"lon":-92.673392,"lat":42.34457,"bw":-92.6795,"bs":42.3402,"be":-92.6707,"bn":42.348}},
{"type":"Feature","geometry":{"type":"Point","coordinates":[-83.35393,34.59676]},"properties":{"ZCTA5CE20":30598,"lon":-83.353927,"lat":34.59676,"bw":-83.3564,"bs":34.5947,"be":-83.3515,"bn":34.5988}},
{"type":"Feature","geometry":{"type":"Point","coordinates":[-81.83627,34.94524]},"properties":{"ZCTA5CE20":29346,"lon":-81.83627,"lat":34.945237,"bw":-81.8401,"bs":34.9406,"be":-81.8317,"bn":34.9501}},
{"type":"Feature","geometry":{"type":"Point","coordinates":[-92.32629,38.95818]},"properties":{"ZCTA5CE20":65216,"lon":-92.326288,"lat":38.958176,"bw":-92.3283,"bs":38.9564,"be":-92.3248,"bn":38.9602}},
{"type":"Feature","geometry":{"type":"Point","coordinates":[-81.90588,28.00865]},"properties":{"ZCTA5CE20":33840,"lon":-81.905879,"lat":28.008645,"bw":-81.9077,"bs":28.0077,"be":-81.9016,"bn":28.0114}},
{"type":"Feature","geometry":{"type":"Point","coordinates":[-84.73029,35.00148]},"properties":{"ZCTA5CE20":37316,"lon":-84.730295,"lat":35.001475,"bw":-84.7353,"bs":34.998,"be":-84.7233,"bn":35.0054}},
{"type":"Feature","geometry":{"type":"Point","coordinates":[-87.98526,32.11518]},"properties":{"ZCTA5CE20":36764,"lon":-87.985264,"lat":32.115182,"bw":-87.99,"bs":32.113,"be":-87.9813,"bn":32.1176}},
{"type":"Feature","geometry":{"type":"Point","coordinates":[-117.21889,32.72461]},"properties":{"ZCTA5CE20":92147,"lon":-117.218888,"lat":32.724606,"bw":-117.2233,"bs":32.7218,"be":-117.2153,"bn":32.7281}},
{"type":"Feature","geometry":{"type":"Point","coordinates":[-80.1976,40.25159]},"properties":{"ZCTA5CE20":15363,"lon":-80.197603,"lat":40.251587,"bw":-80.2048,"bs":40.2484,"be":-80.1906,"bn":40.2551}},
{"type":"Feature","geometry":{"type":"Point","coordinates":[-79.93428,37.27691]},"properties":{"ZCTA5CE20":24022,"lon":-79.934281,"lat":37.276905,"bw":-79.9361,"bs":37.2751,"be":-79.9325,"bn":37.2786}},
{"type":"Feature","geometry":{"type":"Point","coordinates":[-88.35924,38.76508]},"properties":{"ZCTA5CE20":62879,"lon":-88.359237,"lat":38.765083,"bw":-88.3621,"bs":38.7613,"be":-88.3553,"bn":38.7679}},
{"type":"Feature","geometry":{"type":"Point","coordinates":[-79.99157,40.43614]},"properties":{"ZCTA5CE20":15282,"lon":-79.991568,"lat":40.43614,"bw":-79.9959,"bs":40.4336,"be":-79.9843,"bn":40.4385}},
{"type":"Feature","geometry":{"type":"Point","coordinates":[-88.69746,31.58023]},"properties":{"ZCTA5CE20":39324,"lon":-88.697456,"lat":31.580226,"bw":-88.7009,"bs":31.5787,"be":-88.6943,"bn":31.5826}},
{"type":"Feature","geometry":{"type":"Point","coordinates":[-103.41898,41.74637]},"properties":{"ZCTA5CE20":69353,"lon":-103.418983,"lat":41.746372,"bw":-103.4222,"bs":41.7443,"be":-103.4145,"bn":41.7492}},
{"type":"Feature","geometry":{"type":"Point","coordinates":[-89.43043,43.07715]},"properties":{"ZCTA5CE20":53792,"lon":-89.430429,"lat":43.077145,"bw":-89.4317,"bs":43.0758,"be":-89.4289,"bn":43.0788}},
{"type":"Feature","geometry":{"type":"Point","coordinates":[-75.44655,44.30878]},"properties":{"ZCTA5CE20":13645,"lon":-75.44655,"lat":44.308779,"bw":-75.448,"bs":44.3076,"be":-75.445,"bn":44.3101}},
{"type":"Feature","geometry":{"type":"Point","coordinates":[-86.65096,39.29898]},"properties":{"ZCTA5CE20":47464,"lon":-86.650956,"lat":39.29898,"bw":-86.6535,"bs":39.296,"be":-86.6456,"bn":39.3035}},
{"type":"Feature","geometry":{"type":"Point","coordinates":[-79.80778,39.54065]},"properties":{"ZCTA5CE20":26524,"lon":-79.807781,"lat":39.540654,"bw":-79.8127,"bs":39.5373,"be":-79.801,"bn":39.5434}},
{"type":"Feature","geometry":{"type":"Point","coordinates":[-95.43167,29.7344]},"properties":{"ZCTA5CE20":77046,"lon":-95.431673,"lat":29.734395,"bw":-95.4385,"bs":29.7308,"be":-95.4293,"bn":29.7383}},
{"type":"Feature","geometry":{"type":"Point","coordinates":[-93.29521,37.21421]},"properties":{"ZCTA5CE20":65801,"lon":-93.295214,"lat":37.214213,"bw":-93.2964,"bs":37.213,"be":-93.294,"bn":37.2154}},
{"type":"Feature","geometry":{"type":"Point","coordinates":[-92.52587,44.05615]},"properties":{"ZCTA5CE20":55905,"lon":-92.525867,"lat":44.056151,"bw":-92.5285,"bs":44.0531,"be":-92.5231,"bn":44.0579}},
{"type":"Feature","geometry":{"type":"Point","coordinates":[-86.29939,32.37782]},"properties":{"ZCTA5CE20":36130,"lon":-86.299388,"lat":32.377822,"bw":-86.3013,"bs":32.3754,"be":-86.2966,"bn":32.3792}},
{"type":"Feature","geometry":{"type":"Point","coordinates":[-75.97286,40.98054]},"properties":{"ZCTA5CE20":18225,"lon":-75.972861,"lat":40.980539,"bw":-75.9757,"bs":40.9793,"be":-75.9665,"bn":40.9841}},
{"type":"Feature","geometry":{"type":"Point","coordinates":[-93.55271,45.78411]},"properties":{"ZCTA5CE20":56313,"lon":-93.55271,"lat":45.784114,"bw":-93.5571,"bs":45.7795,"be":-93.5491,"bn":45.7882}},
{"type":"Feature","geometry":{"type":"Point","coordinates":[-117.28632,34.10513]},"properties":{"ZCTA5CE20":92415,"lon":-117.286319,"lat":34.105131,"bw":-117.2897,"bs":34.1027,"be":-117.2852,"bn":34.1083}},
{"type":"Feature","geometry":{"type":"Point","coordinates":[-85.00974,38.51439]},"properties":{"ZCTA5CE20":40363,"lon":-85.009736,"lat":38.51439,"bw":-85.0111,"bs":38.5129,"be":-85.0083,"bn":38.516}},
{"type":"Feature","geometry":{"type":"Point","coordinates":[-79.05238,35.9039]},"properties":{"ZCTA5CE20":27599,"lon":-79.052382,"lat":35.903902,"bw":-79.057,"bs":35.9014,"be":-79.0485,"bn":35.9072}},
{"type":"Feature","geometry":{"type":"Point","coordinates":[-122.11013,37.84223]},"properties":{"ZCTA5CE20":94575,"lon":-122.110132,"lat":37.84223,"bw":-122.1158,"bs":37.8382,"be":-122.1054,"bn":37.8473}},
{"type":"Feature","geometry":{"type":"Point","coordinates":[-76.84805,38.26432]},"properties":{"ZCTA5CE20":20661,"lon":-76.848054,"lat":38.264315,"bw":-76.8497,"bs":38.2628,"be":-76.8396,"bn":38.2667}},
{"type":"Feature","geometry":{"type":"Point","coordinates":[-77.4292,37.54127]},"properties":{"ZCTA5CE20":23298,"lon":-77.429202,"lat":37.541271,"bw":-77.4329,"bs":37.5375,"be":-77.4271,"bn":37.5464}},
{"type":"Feature","geometry":{"type":"Point","coordinates":[-76.01472,42.89925]},"properties":{"ZCTA5CE20":13138,"lon":-76.014723,"lat":42.899246,"bw":-76.0181,"bs":42.8965,"be":-76.012,"bn":42.9009}},
{"type":"Feature","geometry":{"type":"Point","coordinates":[-91.3107,35.64033]},"properties":{"ZCTA5CE20":72075,"lon":-91.310704,"lat":35.640334,"bw":-91.3145,"bs":35.6386,"be":-91.3082,"bn":35.6435}},
{"type":"Feature","geometry":{"type":"Point","coordinates":[-76.24279,40.60368]},"properties":{"ZCTA5CE20":17933,"lon":-76.242788,"lat":40.603681,"bw":-76.2468,"bs":40.5986,"be":-76.2378,"bn":40.6093}},
{"type":"Feature","geometry":{"type":"Point","coordinates":[-73.98882,40.77761]},"properties":{"ZCTA5CE20":10069,"lon":-73.98882,"lat":40.77761,"bw":-73.9915,"bs":40.7741,"be":-73.9865,"bn":40.781}},
{"type":"Feature","geometry":{"type":"Point","coordinates":[-73.97477,40.75465]},"properties":{"ZCTA5CE20":10167,"lon":-73.974773,"lat":40.754647,"bw":-73.9758,"bs":40.754,"be":-73.9737,"bn":40.7553}},
{"type":"Feature","geometry":{"type":"Point","coordinates":[-74.01033,40.70844]},"properties":{"ZCTA5CE20":10271,"lon":-74.010329,"lat":40.708439,"bw":-74.0112,"bs":40.7077,"be":-74.0094,"bn":40.7092}},
{"type":"Feature","geometry":{"type":"Point","coordinates":[-74.01658,40.71028]},"properties":{"ZCTA5CE20":10280,"lon":-74.016577,"lat":40.710276,"bw":-74.0192,"bs":40.7041,"be":-74.0137,"bn":40.715}},
{"type":"Feature","geometry":{"type":"Point","coordinates":[-72.97591,44.90419]},"properties":{"ZCTA5CE20":5485,"lon":-72.975915,"lat":44.904188,"bw":-72.9774,"bs":44.9026,"be":-72.9731,"bn":44.9057}},
{"type":"Feature","geometry":{"type":"Point","coordinates":[-87.73553,33.91189]},"properties":{"ZCTA5CE20":35559,"lon":-87.735533,"lat":33.911887,"bw":-87.7409,"bs":33.9098,"be":-87.7292,"bn":33.9137}},
{"type":"Feature","geometry":{"type":"Point","coordinates":[-75.16391,39.94955]},"properties":{"ZCTA5CE20":19109,"lon":-75.163915,"lat":39.949553,"bw":-75.1643,"bs":39.9492,"be":-75.1631,"bn":39.9501}},
{"type":"Feature","geometry":{"type":"Point","coordinates":[-85.97645,41.26081]},"properties":{"ZCTA5CE20":46502,"lon":-85.97645,"lat":41.260809,"bw":-85.9784,"bs":41.2601,"be":-85.9753,"bn":41.2618}},
{"type":"Feature","geometry":{"type":"Point","coordinates":[-79.95238,40.44381]},"properties":{"ZCTA5CE20":15260,"lon":-79.952383,"lat":40.44381,"bw":-79.9573,"bs":40.4404,"be":-79.9492,"bn":40.4474}},
{"type":"Feature","geometry":{"type":"Point","coordinates":[-79.55984,41.12538]},"properties":{"ZCTA5CE20":16213,"lon":-79.559835,"lat":41.125378,"bw":-79.5643,"bs":41.1238,"be":-79.5521,"bn":41.1278}},
{"type":"Feature","geometry":{"type":"Point","coordinates":[-77.03566,38.89373]},"properties":{"ZCTA5CE20":20230,"lon":-77.035665,"lat":38.893734,"bw":-77.0395,"bs":38.8921,"be":-77.032,"bn":38.8955}},
{"type":"Feature","geometry":{"type":"Point","coordinates":[-77.02503,38.88355]},"properties":{"ZCTA5CE20":20260,"lon":-77.025031,"lat":38.883548,"bw":-77.0261,"bs":38.8823,"be":-77.024,"bn":38.8848}},
{"type":"Feature","geometry":{"type":"Point","coordinates":[-77.0474,38.90206]},"properties":{"ZCTA5CE20":20427,"lon":-77.047402,"lat":38.902059,"bw":-77.0488,"bs":38.9013,"be":-77.0466,"bn":38.9025}},
{"type":"Feature","geometry":{"type":"Point","coordinates":[-77.04847,38.8947]},"properties":{"ZCTA5CE20":20520,"lon":-77.048475,"lat":38.894699,"bw":-77.0501,"bs":38.8935,"be":-77.0467,"bn":38.896}},
{"type":"Feature","geometry":{"type":"Point","coordinates":[-79.36585,40.27952]},"properties":{"ZCTA5CE20":15696,"lon":-79.365853,"lat":40.279523,"bw":-79.3702,"bs":40.2766,"be":-79.3608,"bn":40.2823}},
{"type":"Feature","geometry":{"type":"Point","coordinates":[-75.66709,39.22582]},"properties":{"ZCTA5CE20":19955,"lon":-75.667088,"lat":39.225816,"bw":-75.6698,"bs":39.2239,"be":-75.6597,"bn":39.23}},
{"type":"Feature","geometry":{"type":"Point","coordinates":[-96.05772,42.81994]},"properties":{"ZCTA5CE20":51045,"lon":-96.057721,"lat":42.819935,"bw":-96.061,"bs":42.8182,"be":-96.0545,"bn":42.8224}},
{"type":"Feature","geometry":{"type":"Point","coordinates":[-90.29229,43.27962]},"properties":{"ZCTA5CE20":53584,"lon":-90.292295,"lat":43.279618,"bw":-90.3013,"bs":43.2785,"be":-90.2913,"bn":43.282}},
{"type":"Feature","geometry":{"type":"Point","coordinates":[-96.75751,30.42857]},"properties":{"ZCTA5CE20":77852,"lon":-96.757507,"lat":30.428567,"bw":-96.7617,"bs":30.4231,"be":-96.7521,"bn":30.4324}},
{"type":"Feature","geometry":{"type":"Point","coordinates":[-101.52737,32.22492]},"properties":{"ZCTA5CE20":79721,"lon":-101.527366,"lat":32.224916,"bw":-101.5288,"bs":32.2229,"be":-101.5261,"bn":32.2276}},
{"type":"Feature","geometry":{"type":"Point","coordinates":[-76.32922,37.01846]},"properties":{"ZCTA5CE20":23667,"lon":-76.329223,"lat":37.018455,"bw":-76.3364,"bs":37.0156,"be":-76.3273,"bn":37.0241}},
{"type":"Feature","geometry":{"type":"Point","coordinates":[-84.74429,40.04974]},"properties":{"ZCTA5CE20":45352,"lon":-84.744293,"lat":40.049744,"bw":-84.7503,"bs":40.0457,"be":-84.74,"bn":40.0541}},
{"type":"Feature","geometry":{"type":"Point","coordinates":[-90.2936,43.22182]},"properties":{"ZCTA5CE20":53540,"lon":-90.293597,"lat":43.221823,"bw":-90.2965,"bs":43.218,"be":-90.2911,"bn":43.2242}},
{"type":"Feature","geometry":{"type":"Point","coordinates":[-82.29162,36.30015]},"properties":{"ZCTA5CE20":37682,"lon":-82.291624,"lat":36.300154,"bw":-82.2957,"bs":36.2975,"be":-82.2881,"bn":36.3034}},
{"type":"Feature","geometry":{"type":"Point","coordinates":[-94.16395,38.75981]},"properties":{"ZCTA5CE20":64090,"lon":-94.163954,"lat":38.759808,"bw":-94.1687,"bs":38.7567,"be":-94.1587,"bn":38.7636}},
{"type":"Feature","geometry":{"type":"Point","coordinates":[-89.24412,35.04616]},"properties":{"ZCTA5CE20":38046,"lon":-89.24412,"lat":35.046161,"bw":-89.2495,"bs":35.0434,"be":-89.241,"bn":35.0483}},
{"type":"Feature","geometry":{"type":"Point","coordinates":[-81.67066,35.24676]},"properties":{"ZCTA5CE20":28017,"lon":-81.670664,"lat":35.246755,"bw":-81.6757,"bs":35.2443,"be":-81.6661,"bn":35.2509}},
{"type":"Feature","geometry":{"type":"Point","coordinates":[-81.2771,39.71055]},"properties":{"ZCTA5CE20":43786,"lon":-81.277096,"lat":39.710553,"bw":-81.2809,"bs":39.707,"be":-81.2722,"bn":39.717}},
{"type":"Feature","geometry":{"type":"Point","coordinates":[-86.16367,41.52633]},"properties":{"ZCTA5CE20":46595,"lon":-86.163666,"lat":41.526328,"bw":-86.1708,"bs":41.5247,"be":-86.1569,"bn":41.5281}},
{"type":"Feature","geometry":{"type":"Point","coordinates":[-92.19727,46.83513]},"properties":{"ZCTA5CE20":55814,"lon":-92.197272,"lat":46.835132,"bw":-92.2012,"bs":46.8333,"be":-92.1919,"bn":46.8366}},
{"type":"Feature","geometry":{"type":"Point","coordinates":[-96.55831,45.55723]},"properties":{"ZCTA5CE20":56210,"lon":-96.558311,"lat":45.55723,"bw":-96.5655,"bs":45.5546,"be":-96.555,"bn":45.5613}},
{"type":"Feature","geometry":{"type":"Point","coordinates":[-98.68793,46.88211]},"properties":{"ZCTA5CE20":58402,"lon":-98.687931,"lat":46.882107,"bw":-98.69,"bs":46.8801,"be":-98.6848,"bn":46.8845}},
{"type":"Feature","geometry":{"type":"Point","coordinates":[-92.1592,41.5733]},"properties":{"ZCTA5CE20":52308,"lon":-92.159197,"lat":41.573302,"bw":-92.1626,"bs":41.5708,"be":-92.1545,"bn":41.5762}},
{"type":"Feature","geometry":{"type":"Point","coordinates":[-83.28923,30.84814]},"properties":{"ZCTA5CE20":31698,"lon":-83.289231,"lat":30.848143,"bw":-83.2961,"bs":30.8442,"be":-83.2866,"bn":30.8514}},
{"type":"Feature","geometry":{"type":"Point","coordinates":[-86.26452,40.94713]},"properties":{"ZCTA5CE20":46931,"lon":-86.264516,"lat":40.947132,"bw":-86.2702,"bs":40.9427,"be":-86.259,"bn":40.9505}},
{"type":"Feature","geometry":{"type":"Point","coordinates":[-87.63023,41.88059]},"properties":{"ZCTA5CE20":60603,"lon":-87.630233,"lat":41.880588,"bw":-87.6338,"bs":41.8782,"be":-87.6207,"bn":41.8821}},
{"type":"Feature","geometry":{"type":"Point","coordinates":[-87.62932,41.87805]},"properties":{"ZCTA5CE20":60604,"lon":-87.629316,"lat":41.878049,"bw":-87.6338,"bs":41.8768,"be":-87.6244,"bn":41.8796}},
{"type":"Feature","geometry":{"type":"Point","coordinates":[-94.83692,44.05112]},"properties":{"ZCTA5CE20":56022,"lon":-94.83692,"lat":44.051118,"bw":-94.8419,"bs":44.0487,"be":-94.8338,"bn":44.0579}},
{"type":"Feature","geometry":{"type":"Point","coordinates":[-86.9047,38.91183]},"properties":{"ZCTA5CE20":47457,"lon":-86.904701,"lat":38.911832,"bw":-86.9052,"bs":38.9106,"be":-86.9042,"bn":38.913}},
{"type":"Feature","geometry":{"type":"Point","coordinates":[-86.50688,39.07025]},"properties":{"ZCTA5CE20":47458,"lon":-86.506878,"lat":39.070246,"bw":-86.5085,"bs":39.0693,"be":-86.5056,"bn":39.0711}},
{"type":"Feature","geometry":{"type":"Point","coordinates":[-87.29834,39.38936]},"properties":{"ZCTA5CE20":47871,"lon":-87.298343,"lat":39.389357,"bw":-87.3051,"bs":39.3877,"be":-87.2962,"bn":39.3917}},
{"type":"Feature","geometry":{"type":"Point","coordinates":[-78.90825,38.20099]},"properties":{"ZCTA5CE20":24469,"lon":-78.908248,"lat":38.200988,"bw":-78.9129,"bs":38.1975,"be":-78.9044,"bn":38.2042}},
{"type":"Feature","geometry":{"type":"Point","coordinates":[-83.98458,34.52758]},"properties":{"ZCTA5CE20":30597,"lon":-83.984584,"lat":34.527575,"bw":-83.9883,"bs":34.5244,"be":-83.9805,"bn":34.5305}},
{"type":"Feature","geometry":{"type":"Point","coordinates":[-77.2609,38.6822]},"properties":{"ZCTA5CE20":22125,"lon":-77.260899,"lat":38.682201,"bw":-77.2655,"bs":38.6775,"be":-77.2548,"bn":38.6864}},
{"type":"Feature","geometry":{"type":"Point","coordinates":[-80.83383,35.18908]},"properties":{"ZCTA5CE20":28274,"lon":-80.833832,"lat":35.189083,"bw":-80.8372,"bs":35.1869,"be":-80.8304,"bn":35.1913}},
{"type":"Feature","geometry":{"type":"Point","coordinates":[-77.03436,38.89714]},"properties":{"ZCTA5CE20":20220,"lon":-77.034362,"lat":38.897137,"bw":-77.0351,"bs":38.8954,"be":-77.0336,"bn":38.8988}},
{"type":"Feature","geometry":{"type":"Point","coordinates":[-74.00372,40.71512]},"properties":{"ZCTA5CE20":10278,"lon":-74.003724,"lat":40.715124,"bw":-74.0054,"bs":40.714,"be":-74.0021,"bn":40.7163}},
{"type":"Feature","geometry":{"type":"Point","coordinates":[-123.48636,47.00128]},"properties":{"ZCTA5CE20":98583,"lon":-123.486365,"lat":47.001284,"bw":-123.495,"bs":46.9995,"be":-123.4816,"bn":47.0027}},
{"type":"Feature","geometry":{"type":"Point","coordinates":[-89.28399,33.85661]},"properties":{"ZCTA5CE20":38839,"lon":-89.283989,"lat":33.856609,"bw":-89.2856,"bs":33.8507,"be":-89.2821,"bn":33.8589}},
{"type":"Feature","geometry":{"type":"Point","coordinates":[-78.03896,35.38746]},"properties":{"ZCTA5CE20":27533,"lon":-78.038965,"lat":35.387459,"bw":-78.043,"bs":35.3831,"be":-78.034,"bn":35.3911}},
{"type":"Feature","geometry":{"type":"Point","coordinates":[-93.21482,30.17907]},"properties":{"ZCTA5CE20":70609,"lon":-93.21482,"lat":30.179069,"bw":-93.2157,"bs":30.1784,"be":-93.2139,"bn":30.1797}},
{"type":"Feature","geometry":{"type":"Point","coordinates":[-79.08967,42.5913]},"properties":{"ZCTA5CE20":14061,"lon":-79.089673,"lat":42.591298,"bw":-79.0923,"bs":42.5875,"be":-79.0833,"bn":42.5942}},
{"type":"Feature","geometry":{"type":"Point","coordinates":[-123.02433,38.47418]},"properties":{"ZCTA5CE20":95486,"lon":-123.024329,"lat":38.474184,"bw":-123.0261,"bs":38.4722,"be":-123.0211,"bn":38.4756}},
{"type":"Feature","geometry":{"type":"Point","coordinates":[-93.22116,42.83557]},"properties":{"ZCTA5CE20":50427,"lon":-93.221164,"lat":42.835568,"bw":-93.2234,"bs":42.8327,"be":-93.218,"bn":42.8385}},
{"type":"Feature","geometry":{"type":"Point","coordinates":[-106.61803,32.06539]},"properties":{"ZCTA5CE20":88024,"lon":-106.618028,"lat":32.065392,"bw":-106.6242,"bs":32.0622,"be":-106.6114,"bn":32.0682}},
{"type":"Feature","geometry":{"type":"Point","coordinates":[-95.26651,36.0039]},"properties":{"ZCTA5CE20":74477,"lon":-95.266514,"lat":36.003904,"bw":-95.2692,"bs":36.0024,"be":-95.2645,"bn":36.0061}},
{"type":"Feature","geometry":{"type":"Point","coordinates":[-104.98971,39.7498]},"properties":{"ZCTA5CE20":80294,"lon":-104.989713,"lat":39.749797,"bw":-104.9912,"bs":39.7486,"be":-104.9882,"bn":39.7509}},
{"type":"Feature","geometry":{"type":"Point","coordinates":[-117.17201,32.71368]},"properties":{"ZCTA5CE20":92132,"lon":-117.172006,"lat":32.713682,"bw":-117.1731,"bs":32.7115,"be":-117.1711,"bn":32.7157}},
{"type":"Feature","geometry":{"type":"Point","coordinates":[-76.88281,40.26511]},"properties":{"ZCTA5CE20":17120,"lon":-76.88281,"lat":40.265113,"bw":-76.8865,"bs":40.2617,"be":-76.8796,"bn":40.2683}},
{"type":"Feature","geometry":{"type":"Point","coordinates":[-77.57943,39.7982]},"properties":{"ZCTA5CE20":17247,"lon":-77.579435,"lat":39.798203,"bw":-77.5825,"bs":39.7942,"be":-77.5761,"bn":39.8035}},
{"type":"Feature","geometry":{"type":"Point","coordinates":[-92.0762,30.10244]},"properties":{"ZCTA5CE20":70558,"lon":-92.076205,"lat":30.102437,"bw":-92.0796,"bs":30.0952,"be":-92.0733,"bn":30.1047}},
{"type":"Feature","geometry":{"type":"Point","coordinates":[-93.71025,35.13]},"properties":{"ZCTA5CE20":72826,"lon":-93.710253,"lat":35.130003,"bw":-93.7141,"bs":35.1289,"be":-93.7069,"bn":35.1318}},
{"type":"Feature","geometry":{"type":"Point","coordinates":[-85.69524,38.1955]},"properties":{"ZCTA5CE20":40231,"lon":-85.695236,"lat":38.195505,"bw":-85.6981,"bs":38.193,"be":-85.6925,"bn":38.1977}},
{"type":"Feature","geometry":{"type":"Point","coordinates":[-71.05518,42.36525]},"properties":{"ZCTA5CE20":2113,"lon":-71.055181,"lat":42.365247,"bw":-71.0585,"bs":42.362,"be":-71.0502,"bn":42.3682}},
{"type":"Feature","geometry":{"type":"Point","coordinates":[-82.257,28.3383]},"properties":{"ZCTA5CE20":33574,"lon":-82.257,"lat":28.338304,"bw":-82.2655,"bs":28.3356,"be":-82.2509,"bn":28.3416}},
{"type":"Feature","geometry":{"type":"Point","coordinates":[-73.97961,40.75379]},"properties":{"ZCTA5CE20":10173,"lon":-73.979611,"lat":40.75379,"bw":-73.9809,"bs":40.7528,"be":-73.9783,"bn":40.7548}},
{"type":"Feature","geometry":{"type":"Point","coordinates":[-82.25425,29.36481]},"properties":{"ZCTA5CE20":32634,"lon":-82.254255,"lat":29.364805,"bw":-82.2591,"bs":29.361,"be":-82.2512,"bn":29.3674}},
{"type":"Feature","geometry":{"type":"Point","coordinates":[-86.34448,38.76785]},"properties":{"ZCTA5CE20":47467,"lon":-86.344477,"lat":38.76785,"bw":-86.3463,"bs":38.767,"be":-86.3426,"bn":38.7689}},
{"type":"Feature","geometry":{"type":"Point","coordinates":[-77.10221,38.99589]},"properties":{"ZCTA5CE20":20894,"lon":-77.10221,"lat":38.995888,"bw":-77.1088,"bs":38.9936,"be":-77.0967,"bn":38.9984}},
{"type":"Feature","geometry":{"type":"Point","coordinates":[-95.90372,41.14163]},"properties":{"ZCTA5CE20":68056,"lon":-95.903721,"lat":41.141634,"bw":-95.9074,"bs":41.1395,"be":-95.9016,"bn":41.1435}},
{"type":"Feature","geometry":{"type":"Point","coordinates":[-86.74483,40.88213]},"properties":{"ZCTA5CE20":47925,"lon":-86.744832,"lat":40.882133,"bw":-86.7465,"bs":40.8802,"be":-86.7425,"bn":40.8835}},
{"type":"Feature","geometry":{"type":"Point","coordinates":[-92.33207,41.45593]},"properties":{"ZCTA5CE20":50255,"lon":-92.332068,"lat":41.455925,"bw":-92.3358,"bs":41.4522,"be":-92.3269,"bn":41.4595}},
{"type":"Feature","geometry":{"type":"Point","coordinates":[-74.07789,41.40608]},"properties":{"ZCTA5CE20":10953,"lon":-74.077889,"lat":41.406076,"bw":-74.0815,"bs":41.4015,"be":-74.0733,"bn":41.4093}},
{"type":"Feature","geometry":{"type":"Point","coordinates":[-96.53497,33.90778]},"properties":{"ZCTA5CE20":74753,"lon":-96.534971,"lat":33.907776,"bw":-96.5378,"bs":33.9036,"be":-96.5323,"bn":33.911}},
{"type":"Feature","geometry":{"type":"Point","coordinates":[-84.97518,34.89986]},"properties":{"ZCTA5CE20":30756,"lon":-84.975183,"lat":34.899855,"bw":-84.9766,"bs":34.8982,"be":-84.9717,"bn":34.9047}},
{"type":"Feature","geometry":{"type":"Point","coordinates":[-123.14085,46.88605]},"properties":{"ZCTA5CE20":98556,"lon":-123.140848,"lat":46.886046,"bw":-123.1462,"bs":46.8823,"be":-123.1345,"bn":46.8887}},
{"type":"Feature","geometry":{"type":"Point","coordinates":[-71.06023,42.35055]},"properties":{"ZCTA5CE20":2111,"lon":-71.060226,"lat":42.350554,"bw":-71.0646,"bs":42.3462,"be":-71.0553,"bn":42.3563}},
{"type":"Feature","geometry":{"type":"Point","coordinates":[-92.43657,44.02408]},"properties":{"ZCTA5CE20":55903,"lon":-92.43657,"lat":44.024084,"bw":-92.4392,"bs":44.0216,"be":-92.4338,"bn":44.0259}},
{"type":"Feature","geometry":{"type":"Point","coordinates":[-93.7296,41.30669]},"properties":{"ZCTA5CE20":50241,"lon":-93.7296,"lat":41.306691,"bw":-93.7427,"bs":41.305,"be":-93.7266,"bn":41.3098}},
{"type":"Feature","geometry":{"type":"Point","coordinates":[-89.77469,37.09424]},"properties":{"ZCTA5CE20":63774,"lon":-89.774693,"lat":37.094239,"bw":-89.7803,"bs":37.0914,"be":-89.7711,"bn":37.0982}},
{"type":"Feature","geometry":{"type":"Point","coordinates":[-84.0215,30.4838]},"properties":{"ZCTA5CE20":32337,"lon":-84.021501,"lat":30.483797,"bw":-84.0253,"bs":30.4782,"be":-84.0165,"bn":30.4886}},
{"type":"Feature","geometry":{"type":"Point","coordinates":[-93.12458,31.20128]},"properties":{"ZCTA5CE20":71475,"lon":-93.124579,"lat":31.201279,"bw":-93.1272,"bs":31.1986,"be":-93.1215,"bn":31.2036}},
{"type":"Feature","geometry":{"type":"Point","coordinates":[-83.74011,41.42044]},"properties":{"ZCTA5CE20":43565,"lon":-83.740107,"lat":41.420443,"bw":-83.7427,"bs":41.4158,"be":-83.7375,"bn":41.4251}},
{"type":"Feature","geometry":{"type":"Point","coordinates":[-73.44631,42.76986]},"properties":{"ZCTA5CE20":12082,"lon":-73.446306,"lat":42.769863,"bw":-73.451,"bs":42.7692,"be":-73.4421,"bn":42.7713}},
{"type":"Feature","geometry":{"type":"Point","coordinates":[-91.18777,30.45197]},"properties":{"ZCTA5CE20":70825,"lon":-91.187766,"lat":30.451974,"bw":-91.1884,"bs":30.4514,"be":-91.1871,"bn":30.4525}},
{"type":"Feature","geometry":{"type":"Point","coordinates":[-89.01753,45.05476]},"properties":{"ZCTA5CE20":54464,"lon":-89.017535,"lat":45.054755,"bw":-89.0223,"bs":45.0512,"be":-89.0123,"bn":45.0588}},
{"type":"Feature","geometry":{"type":"Point","coordinates":[-85.17525,39.28227]},"properties":{"ZCTA5CE20":47033,"lon":-85.175248,"lat":39.282273,"bw":-85.1758,"bs":39.2801,"be":-85.1688,"bn":39.2826}},
{"type":"Feature","geometry":{"type":"Point","coordinates":[-75.88392,39.96287]},"properties":{"ZCTA5CE20":19367,"lon":-75.883921,"lat":39.962866,"bw":-75.8886,"bs":39.9597,"be":-75.8786,"bn":39.9667}},
{"type":"Feature","geometry":{"type":"Point","coordinates":[-79.82692,40.58603]},"properties":{"ZCTA5CE20":15075,"lon":-79.82692,"lat":40.586026,"bw":-79.8284,"bs":40.5834,"be":-79.8254,"bn":40.5893}},
{"type":"Feature","geometry":{"type":"Point","coordinates":[-87.64537,37.64149]},"properties":{"ZCTA5CE20":42444,"lon":-87.645372,"lat":37.641485,"bw":-87.6478,"bs":37.6404,"be":-87.6442,"bn":37.6423}},
{"type":"Feature","geometry":{"type":"Point","coordinates":[-86.08461,32.37464]},"properties":{"ZCTA5CE20":36057,"lon":-86.084607,"lat":32.374636,"bw":-86.0868,"bs":32.3693,"be":-86.0822,"bn":32.3794}},
{"type":"Feature","geometry":{"type":"Point","coordinates":[-93.21864,30.23107]},"properties":{"ZCTA5CE20":70629,"lon":-93.218642,"lat":30.231073,"bw":-93.219,"bs":30.2305,"be":-93.2183,"bn":30.2317}},
{"type":"Feature","geometry":{"type":"Point","coordinates":[-73.89548,41.68827]},"properties":{"ZCTA5CE20":12604,"lon":-73.895484,"lat":41.68827,"bw":-73.9006,"bs":41.6849,"be":-73.8881,"bn":41.6919}},
{"type":"Feature","geometry":{"type":"Point","coordinates":[-75.64412,39.77949]},"properties":{"ZCTA5CE20":19736,"lon":-75.644116,"lat":39.779485,"bw":-75.6473,"bs":39.7767,"be":-75.6384,"bn":39.7861}},
{"type":"Feature","geometry":{"type":"Point","coordinates":[-77.05502,38.89594]},"properties":{"ZCTA5CE20":20566,"lon":-77.05502,"lat":38.895945,"bw":-77.0586,"bs":38.893,"be":-77.0528,"bn":38.9023}},
{"type":"Feature","geometry":{"type":"Point","coordinates":[-79.13937,41.0245]},"properties":{"ZCTA5CE20":15784,"lon":-79.139374,"lat":41.024496,"bw":-79.1445,"bs":41.0214,"be":-79.1326,"bn":41.0294}},
{"type":"Feature","geometry":{"type":"Point","coordinates":[-73.7959,40.70154]},"properties":{"ZCTA5CE20":11451,"lon":-73.795903,"lat":40.701544,"bw":-73.7993,"bs":40.6982,"be":-73.7924,"bn":40.704}},
{"type":"Feature","geometry":{"type":"Point","coordinates":[-115.17665,36.10481]},"properties":{"ZCTA5CE20":89158,"lon":-115.17665,"lat":36.104813,"bw":-115.1805,"bs":36.1007,"be":-115.1729,"bn":36.1092}},
{"type":"Feature","geometry":{"type":"Point","coordinates":[-77.44114,35.97037]},"properties":{"ZCTA5CE20":27881,"lon":-77.441136,"lat":35.970366,"bw":-77.4473,"bs":35.9679,"be":-77.4369,"bn":35.9722}},
{"type":"Feature","geometry":{"type":"Point","coordinates":[-80.97503,40.1025]},"properties":{"ZCTA5CE20":43972,"lon":-80.975026,"lat":40.102497,"bw":-80.9784,"bs":40.0967,"be":-80.9694,"bn":40.1044}},
{"type":"Feature","geometry":{"type":"Point","coordinates":[-89.99472,32.06159]},"properties":{"ZCTA5CE20":39148,"lon":-89.994718,"lat":32.061595,"bw":-89.9965,"bs":32.0604,"be":-89.9928,"bn":32.0627}},
{"type":"Feature","geometry":{"type":"Point","coordinates":[-76.58815,39.29897]},"properties":{"ZCTA5CE20":21287,"lon":-76.588153,"lat":39.298973,"bw":-76.5887,"bs":39.2986,"be":-76.5879,"bn":39.2997}},
{"type":"Feature","geometry":{"type":"Point","coordinates":[-120.71888,35.32117]},"properties":{"ZCTA5CE20":93408,"lon":-120.718885,"lat":35.321169,"bw":-120.7217,"bs":35.3201,"be":-120.7166,"bn":35.3225}},
{"type":"Feature","geometry":{"type":"Point","coordinates":[-74.68836,40.52074]},"properties":{"ZCTA5CE20":8821,"lon":-74.688358,"lat":40.520735,"bw":-74.6937,"bs":40.5165,"be":-74.683,"bn":40.526}},
{"type":"Feature","geometry":{"type":"Point","coordinates":[-95.21312,44.31482]},"properties":{"ZCTA5CE20":56294,"lon":-95.213121,"lat":44.314816,"bw":-95.2182,"bs":44.3111,"be":-95.2079,"bn":44.3201}},
{"type":"Feature","geometry":{"type":"Point","coordinates":[-90.95429,30.58237]},"properties":{"ZCTA5CE20":70786,"lon":-90.954295,"lat":30.582366,"bw":-90.957,"bs":30.5798,"be":-90.9522,"bn":30.5852}},
{"type":"Feature","geometry":{"type":"Point","coordinates":[-119.25131,36.48556]},"properties":{"ZCTA5CE20":93670,"lon":-119.251311,"lat":36.485562,"bw":-119.259,"bs":36.4843,"be":-119.2501,"bn":36.4863}}
]}